"","year","state","state_po","county_name","county_fips","office","candidate","party","candidatevotes","totalvotes","version","mode"
"1",2000,"NEW MEXICO","NM","BERNALILLO","35001","PRESIDENT","AL GORE","DEMOCRAT",99461,204319,20191203,"TOTAL"
"2",2000,"NEW MEXICO","NM","BERNALILLO","35001","PRESIDENT","GEORGE W. BUSH","REPUBLICAN",95249,204319,20191203,"TOTAL"
"3",2000,"NEW MEXICO","NM","BERNALILLO","35001","PRESIDENT","RALPH NADER","GREEN",8274,204319,20191203,"TOTAL"
"4",2000,"NEW MEXICO","NM","BERNALILLO","35001","PRESIDENT","OTHER","OTHER",1335,204319,20191203,"TOTAL"
"5",2000,"NEW MEXICO","NM","CATRON","35003","PRESIDENT","AL GORE","DEMOCRAT",353,1711,20191203,"TOTAL"
"6",2000,"NEW MEXICO","NM","CATRON","35003","PRESIDENT","GEORGE W. BUSH","REPUBLICAN",1273,1711,20191203,"TOTAL"
"7",2000,"NEW MEXICO","NM","CATRON","35003","PRESIDENT","RALPH NADER","GREEN",57,1711,20191203,"TOTAL"
"8",2000,"NEW MEXICO","NM","CATRON","35003","PRESIDENT","OTHER","OTHER",28,1711,20191203,"TOTAL"
"9",2000,"NEW MEXICO","NM","CHAVES","35005","PRESIDENT","AL GORE","DEMOCRAT",6340,18149,20191203,"TOTAL"
"10",2000,"NEW MEXICO","NM","CHAVES","35005","PRESIDENT","GEORGE W. BUSH","REPUBLICAN",11378,18149,20191203,"TOTAL"
"11",2000,"NEW MEXICO","NM","CHAVES","35005","PRESIDENT","RALPH NADER","GREEN",307,18149,20191203,"TOTAL"
"12",2000,"NEW MEXICO","NM","CHAVES","35005","PRESIDENT","OTHER","OTHER",124,18149,20191203,"TOTAL"
"13",2000,"NEW MEXICO","NM","CIBOLA","35006","PRESIDENT","AL GORE","DEMOCRAT",4127,7088,20191203,"TOTAL"
"14",2000,"NEW MEXICO","NM","CIBOLA","35006","PRESIDENT","GEORGE W. BUSH","REPUBLICAN",2752,7088,20191203,"TOTAL"
"15",2000,"NEW MEXICO","NM","CIBOLA","35006","PRESIDENT","RALPH NADER","GREEN",164,7088,20191203,"TOTAL"
"16",2000,"NEW MEXICO","NM","CIBOLA","35006","PRESIDENT","OTHER","OTHER",45,7088,20191203,"TOTAL"
"17",2000,"NEW MEXICO","NM","COLFAX","35007","PRESIDENT","AL GORE","DEMOCRAT",2653,5461,20191203,"TOTAL"
"18",2000,"NEW MEXICO","NM","COLFAX","35007","PRESIDENT","GEORGE W. BUSH","REPUBLICAN",2600,5461,20191203,"TOTAL"
"19",2000,"NEW MEXICO","NM","COLFAX","35007","PRESIDENT","RALPH NADER","GREEN",163,5461,20191203,"TOTAL"
"20",2000,"NEW MEXICO","NM","COLFAX","35007","PRESIDENT","OTHER","OTHER",45,5461,20191203,"TOTAL"
"21",2000,"NEW MEXICO","NM","CURRY","35009","PRESIDENT","AL GORE","DEMOCRAT",3471,11969,20191203,"TOTAL"
"22",2000,"NEW MEXICO","NM","CURRY","35009","PRESIDENT","GEORGE W. BUSH","REPUBLICAN",8301,11969,20191203,"TOTAL"
"23",2000,"NEW MEXICO","NM","CURRY","35009","PRESIDENT","RALPH NADER","GREEN",147,11969,20191203,"TOTAL"
"24",2000,"NEW MEXICO","NM","CURRY","35009","PRESIDENT","OTHER","OTHER",50,11969,20191203,"TOTAL"
"25",2000,"NEW MEXICO","NM","DE BACA","35011","PRESIDENT","AL GORE","DEMOCRAT",349,982,20191203,"TOTAL"
"26",2000,"NEW MEXICO","NM","DE BACA","35011","PRESIDENT","GEORGE W. BUSH","REPUBLICAN",612,982,20191203,"TOTAL"
"27",2000,"NEW MEXICO","NM","DE BACA","35011","PRESIDENT","RALPH NADER","GREEN",12,982,20191203,"TOTAL"
"28",2000,"NEW MEXICO","NM","DE BACA","35011","PRESIDENT","OTHER","OTHER",9,982,20191203,"TOTAL"
"29",2000,"NEW MEXICO","NM","DONA ANA","35013","PRESIDENT","AL GORE","DEMOCRAT",23912,46653,20191203,"TOTAL"
"30",2000,"NEW MEXICO","NM","DONA ANA","35013","PRESIDENT","GEORGE W. BUSH","REPUBLICAN",21263,46653,20191203,"TOTAL"
"31",2000,"NEW MEXICO","NM","DONA ANA","35013","PRESIDENT","RALPH NADER","GREEN",1158,46653,20191203,"TOTAL"
"32",2000,"NEW MEXICO","NM","DONA ANA","35013","PRESIDENT","OTHER","OTHER",320,46653,20191203,"TOTAL"
"33",2000,"NEW MEXICO","NM","EDDY","35015","PRESIDENT","AL GORE","DEMOCRAT",7108,17787,20191203,"TOTAL"
"34",2000,"NEW MEXICO","NM","EDDY","35015","PRESIDENT","GEORGE W. BUSH","REPUBLICAN",10335,17787,20191203,"TOTAL"
"35",2000,"NEW MEXICO","NM","EDDY","35015","PRESIDENT","RALPH NADER","GREEN",256,17787,20191203,"TOTAL"
"36",2000,"NEW MEXICO","NM","EDDY","35015","PRESIDENT","OTHER","OTHER",88,17787,20191203,"TOTAL"
"37",2000,"NEW MEXICO","NM","GRANT","35017","PRESIDENT","AL GORE","DEMOCRAT",5673,11241,20191203,"TOTAL"
"38",2000,"NEW MEXICO","NM","GRANT","35017","PRESIDENT","GEORGE W. BUSH","REPUBLICAN",4961,11241,20191203,"TOTAL"
"39",2000,"NEW MEXICO","NM","GRANT","35017","PRESIDENT","RALPH NADER","GREEN",530,11241,20191203,"TOTAL"
"40",2000,"NEW MEXICO","NM","GRANT","35017","PRESIDENT","OTHER","OTHER",77,11241,20191203,"TOTAL"
"41",2000,"NEW MEXICO","NM","GUADALUPE","35019","PRESIDENT","AL GORE","DEMOCRAT",1076,1651,20191203,"TOTAL"
"42",2000,"NEW MEXICO","NM","GUADALUPE","35019","PRESIDENT","GEORGE W. BUSH","REPUBLICAN",548,1651,20191203,"TOTAL"
"43",2000,"NEW MEXICO","NM","GUADALUPE","35019","PRESIDENT","RALPH NADER","GREEN",24,1651,20191203,"TOTAL"
"44",2000,"NEW MEXICO","NM","GUADALUPE","35019","PRESIDENT","OTHER","OTHER",3,1651,20191203,"TOTAL"
"45",2000,"NEW MEXICO","NM","HARDING","35021","PRESIDENT","AL GORE","DEMOCRAT",214,593,20191203,"TOTAL"
"46",2000,"NEW MEXICO","NM","HARDING","35021","PRESIDENT","GEORGE W. BUSH","REPUBLICAN",366,593,20191203,"TOTAL"
"47",2000,"NEW MEXICO","NM","HARDING","35021","PRESIDENT","RALPH NADER","GREEN",9,593,20191203,"TOTAL"
"48",2000,"NEW MEXICO","NM","HARDING","35021","PRESIDENT","OTHER","OTHER",4,593,20191203,"TOTAL"
"49",2000,"NEW MEXICO","NM","HIDALGO","35023","PRESIDENT","AL GORE","DEMOCRAT",839,1834,20191203,"TOTAL"
"50",2000,"NEW MEXICO","NM","HIDALGO","35023","PRESIDENT","GEORGE W. BUSH","REPUBLICAN",954,1834,20191203,"TOTAL"
"51",2000,"NEW MEXICO","NM","HIDALGO","35023","PRESIDENT","RALPH NADER","GREEN",28,1834,20191203,"TOTAL"
"52",2000,"NEW MEXICO","NM","HIDALGO","35023","PRESIDENT","OTHER","OTHER",13,1834,20191203,"TOTAL"
"53",2000,"NEW MEXICO","NM","LEA","35025","PRESIDENT","AL GORE","DEMOCRAT",3855,14256,20191203,"TOTAL"
"54",2000,"NEW MEXICO","NM","LEA","35025","PRESIDENT","GEORGE W. BUSH","REPUBLICAN",10157,14256,20191203,"TOTAL"
"55",2000,"NEW MEXICO","NM","LEA","35025","PRESIDENT","RALPH NADER","GREEN",169,14256,20191203,"TOTAL"
"56",2000,"NEW MEXICO","NM","LEA","35025","PRESIDENT","OTHER","OTHER",75,14256,20191203,"TOTAL"
"57",2000,"NEW MEXICO","NM","LINCOLN","35027","PRESIDENT","AL GORE","DEMOCRAT",2027,6772,20191203,"TOTAL"
"58",2000,"NEW MEXICO","NM","LINCOLN","35027","PRESIDENT","GEORGE W. BUSH","REPUBLICAN",4458,6772,20191203,"TOTAL"
"59",2000,"NEW MEXICO","NM","LINCOLN","35027","PRESIDENT","RALPH NADER","GREEN",168,6772,20191203,"TOTAL"
"60",2000,"NEW MEXICO","NM","LINCOLN","35027","PRESIDENT","OTHER","OTHER",119,6772,20191203,"TOTAL"
"61",2000,"NEW MEXICO","NM","LOS ALAMOS","35028","PRESIDENT","AL GORE","DEMOCRAT",4149,10218,20191203,"TOTAL"
"62",2000,"NEW MEXICO","NM","LOS ALAMOS","35028","PRESIDENT","GEORGE W. BUSH","REPUBLICAN",5623,10218,20191203,"TOTAL"
"63",2000,"NEW MEXICO","NM","LOS ALAMOS","35028","PRESIDENT","RALPH NADER","GREEN",329,10218,20191203,"TOTAL"
"64",2000,"NEW MEXICO","NM","LOS ALAMOS","35028","PRESIDENT","OTHER","OTHER",117,10218,20191203,"TOTAL"
"65",2000,"NEW MEXICO","NM","LUNA","35029","PRESIDENT","AL GORE","DEMOCRAT",2975,6612,20191203,"TOTAL"
"66",2000,"NEW MEXICO","NM","LUNA","35029","PRESIDENT","GEORGE W. BUSH","REPUBLICAN",3395,6612,20191203,"TOTAL"
"67",2000,"NEW MEXICO","NM","LUNA","35029","PRESIDENT","RALPH NADER","GREEN",186,6612,20191203,"TOTAL"
"68",2000,"NEW MEXICO","NM","LUNA","35029","PRESIDENT","OTHER","OTHER",56,6612,20191203,"TOTAL"
"69",2000,"NEW MEXICO","NM","MCKINLEY","35031","PRESIDENT","AL GORE","DEMOCRAT",10281,15879,20191203,"TOTAL"
"70",2000,"NEW MEXICO","NM","MCKINLEY","35031","PRESIDENT","GEORGE W. BUSH","REPUBLICAN",5070,15879,20191203,"TOTAL"
"71",2000,"NEW MEXICO","NM","MCKINLEY","35031","PRESIDENT","RALPH NADER","GREEN",392,15879,20191203,"TOTAL"
"72",2000,"NEW MEXICO","NM","MCKINLEY","35031","PRESIDENT","OTHER","OTHER",136,15879,20191203,"TOTAL"
"73",2000,"NEW MEXICO","NM","MORA","35033","PRESIDENT","AL GORE","DEMOCRAT",1456,2191,20191203,"TOTAL"
"74",2000,"NEW MEXICO","NM","MORA","35033","PRESIDENT","GEORGE W. BUSH","REPUBLICAN",668,2191,20191203,"TOTAL"
"75",2000,"NEW MEXICO","NM","MORA","35033","PRESIDENT","RALPH NADER","GREEN",49,2191,20191203,"TOTAL"
"76",2000,"NEW MEXICO","NM","MORA","35033","PRESIDENT","OTHER","OTHER",18,2191,20191203,"TOTAL"
"77",2000,"NEW MEXICO","NM","OTERO","35035","PRESIDENT","AL GORE","DEMOCRAT",5465,16204,20191203,"TOTAL"
"78",2000,"NEW MEXICO","NM","OTERO","35035","PRESIDENT","GEORGE W. BUSH","REPUBLICAN",10258,16204,20191203,"TOTAL"
"79",2000,"NEW MEXICO","NM","OTERO","35035","PRESIDENT","RALPH NADER","GREEN",338,16204,20191203,"TOTAL"
"80",2000,"NEW MEXICO","NM","OTERO","35035","PRESIDENT","OTHER","OTHER",143,16204,20191203,"TOTAL"
"81",2000,"NEW MEXICO","NM","QUAY","35037","PRESIDENT","AL GORE","DEMOCRAT",1471,3844,20191203,"TOTAL"
"82",2000,"NEW MEXICO","NM","QUAY","35037","PRESIDENT","GEORGE W. BUSH","REPUBLICAN",2292,3844,20191203,"TOTAL"
"83",2000,"NEW MEXICO","NM","QUAY","35037","PRESIDENT","RALPH NADER","GREEN",51,3844,20191203,"TOTAL"
"84",2000,"NEW MEXICO","NM","QUAY","35037","PRESIDENT","OTHER","OTHER",30,3844,20191203,"TOTAL"
"85",2000,"NEW MEXICO","NM","RIO ARRIBA","35039","PRESIDENT","AL GORE","DEMOCRAT",8169,12097,20191203,"TOTAL"
"86",2000,"NEW MEXICO","NM","RIO ARRIBA","35039","PRESIDENT","GEORGE W. BUSH","REPUBLICAN",3495,12097,20191203,"TOTAL"
"87",2000,"NEW MEXICO","NM","RIO ARRIBA","35039","PRESIDENT","RALPH NADER","GREEN",377,12097,20191203,"TOTAL"
"88",2000,"NEW MEXICO","NM","RIO ARRIBA","35039","PRESIDENT","OTHER","OTHER",56,12097,20191203,"TOTAL"
"89",2000,"NEW MEXICO","NM","ROOSEVELT","35041","PRESIDENT","AL GORE","DEMOCRAT",1762,5651,20191203,"TOTAL"
"90",2000,"NEW MEXICO","NM","ROOSEVELT","35041","PRESIDENT","GEORGE W. BUSH","REPUBLICAN",3762,5651,20191203,"TOTAL"
"91",2000,"NEW MEXICO","NM","ROOSEVELT","35041","PRESIDENT","RALPH NADER","GREEN",98,5651,20191203,"TOTAL"
"92",2000,"NEW MEXICO","NM","ROOSEVELT","35041","PRESIDENT","OTHER","OTHER",29,5651,20191203,"TOTAL"
"93",2000,"NEW MEXICO","NM","SANDOVAL","35043","PRESIDENT","AL GORE","DEMOCRAT",14899,31755,20191203,"TOTAL"
"94",2000,"NEW MEXICO","NM","SANDOVAL","35043","PRESIDENT","GEORGE W. BUSH","REPUBLICAN",15423,31755,20191203,"TOTAL"
"95",2000,"NEW MEXICO","NM","SANDOVAL","35043","PRESIDENT","RALPH NADER","GREEN",1211,31755,20191203,"TOTAL"
"96",2000,"NEW MEXICO","NM","SANDOVAL","35043","PRESIDENT","OTHER","OTHER",222,31755,20191203,"TOTAL"
"97",2000,"NEW MEXICO","NM","SAN JUAN","35045","PRESIDENT","AL GORE","DEMOCRAT",11980,34657,20191203,"TOTAL"
"98",2000,"NEW MEXICO","NM","SAN JUAN","35045","PRESIDENT","GEORGE W. BUSH","REPUBLICAN",21434,34657,20191203,"TOTAL"
"99",2000,"NEW MEXICO","NM","SAN JUAN","35045","PRESIDENT","RALPH NADER","GREEN",923,34657,20191203,"TOTAL"
"100",2000,"NEW MEXICO","NM","SAN JUAN","35045","PRESIDENT","OTHER","OTHER",320,34657,20191203,"TOTAL"
"101",2000,"NEW MEXICO","NM","SAN MIGUEL","35047","PRESIDENT","AL GORE","DEMOCRAT",6540,9161,20191203,"TOTAL"
"102",2000,"NEW MEXICO","NM","SAN MIGUEL","35047","PRESIDENT","GEORGE W. BUSH","REPUBLICAN",2215,9161,20191203,"TOTAL"
"103",2000,"NEW MEXICO","NM","SAN MIGUEL","35047","PRESIDENT","RALPH NADER","GREEN",344,9161,20191203,"TOTAL"
"104",2000,"NEW MEXICO","NM","SAN MIGUEL","35047","PRESIDENT","OTHER","OTHER",62,9161,20191203,"TOTAL"
"105",2000,"NEW MEXICO","NM","SANTA FE","35049","PRESIDENT","AL GORE","DEMOCRAT",32017,49471,20191203,"TOTAL"
"106",2000,"NEW MEXICO","NM","SANTA FE","35049","PRESIDENT","GEORGE W. BUSH","REPUBLICAN",13974,49471,20191203,"TOTAL"
"107",2000,"NEW MEXICO","NM","SANTA FE","35049","PRESIDENT","RALPH NADER","GREEN",3215,49471,20191203,"TOTAL"
"108",2000,"NEW MEXICO","NM","SANTA FE","35049","PRESIDENT","OTHER","OTHER",265,49471,20191203,"TOTAL"
"109",2000,"NEW MEXICO","NM","SIERRA","35051","PRESIDENT","AL GORE","DEMOCRAT",1689,4586,20191203,"TOTAL"
"110",2000,"NEW MEXICO","NM","SIERRA","35051","PRESIDENT","GEORGE W. BUSH","REPUBLICAN",2721,4586,20191203,"TOTAL"
"111",2000,"NEW MEXICO","NM","SIERRA","35051","PRESIDENT","RALPH NADER","GREEN",132,4586,20191203,"TOTAL"
"112",2000,"NEW MEXICO","NM","SIERRA","35051","PRESIDENT","OTHER","OTHER",44,4586,20191203,"TOTAL"
"113",2000,"NEW MEXICO","NM","SOCORRO","35053","PRESIDENT","AL GORE","DEMOCRAT",3294,6826,20191203,"TOTAL"
"114",2000,"NEW MEXICO","NM","SOCORRO","35053","PRESIDENT","GEORGE W. BUSH","REPUBLICAN",3173,6826,20191203,"TOTAL"
"115",2000,"NEW MEXICO","NM","SOCORRO","35053","PRESIDENT","RALPH NADER","GREEN",279,6826,20191203,"TOTAL"
"116",2000,"NEW MEXICO","NM","SOCORRO","35053","PRESIDENT","OTHER","OTHER",80,6826,20191203,"TOTAL"
"117",2000,"NEW MEXICO","NM","TAOS","35055","PRESIDENT","AL GORE","DEMOCRAT",7039,10895,20191203,"TOTAL"
"118",2000,"NEW MEXICO","NM","TAOS","35055","PRESIDENT","GEORGE W. BUSH","REPUBLICAN",2744,10895,20191203,"TOTAL"
"119",2000,"NEW MEXICO","NM","TAOS","35055","PRESIDENT","RALPH NADER","GREEN",1064,10895,20191203,"TOTAL"
"120",2000,"NEW MEXICO","NM","TAOS","35055","PRESIDENT","OTHER","OTHER",48,10895,20191203,"TOTAL"
"121",2000,"NEW MEXICO","NM","TORRANCE","35057","PRESIDENT","AL GORE","DEMOCRAT",1868,4960,20191203,"TOTAL"
"122",2000,"NEW MEXICO","NM","TORRANCE","35057","PRESIDENT","GEORGE W. BUSH","REPUBLICAN",2891,4960,20191203,"TOTAL"
"123",2000,"NEW MEXICO","NM","TORRANCE","35057","PRESIDENT","RALPH NADER","GREEN",163,4960,20191203,"TOTAL"
"124",2000,"NEW MEXICO","NM","TORRANCE","35057","PRESIDENT","OTHER","OTHER",38,4960,20191203,"TOTAL"
"125",2000,"NEW MEXICO","NM","UNION","35059","PRESIDENT","AL GORE","DEMOCRAT",452,1755,20191203,"TOTAL"
"126",2000,"NEW MEXICO","NM","UNION","35059","PRESIDENT","GEORGE W. BUSH","REPUBLICAN",1269,1755,20191203,"TOTAL"
"127",2000,"NEW MEXICO","NM","UNION","35059","PRESIDENT","RALPH NADER","GREEN",19,1755,20191203,"TOTAL"
"128",2000,"NEW MEXICO","NM","UNION","35059","PRESIDENT","OTHER","OTHER",15,1755,20191203,"TOTAL"
"129",2000,"NEW MEXICO","NM","VALENCIA","35061","PRESIDENT","AL GORE","DEMOCRAT",9819,21377,20191203,"TOTAL"
"130",2000,"NEW MEXICO","NM","VALENCIA","35061","PRESIDENT","GEORGE W. BUSH","REPUBLICAN",10803,21377,20191203,"TOTAL"
"131",2000,"NEW MEXICO","NM","VALENCIA","35061","PRESIDENT","RALPH NADER","GREEN",615,21377,20191203,"TOTAL"
"132",2000,"NEW MEXICO","NM","VALENCIA","35061","PRESIDENT","OTHER","OTHER",140,21377,20191203,"TOTAL"
"133",2004,"NEW MEXICO","NM","BERNALILLO","35001","PRESIDENT","JOHN KERRY","DEMOCRAT",132252,256811,20191203,"TOTAL"
"134",2004,"NEW MEXICO","NM","BERNALILLO","35001","PRESIDENT","GEORGE W. BUSH","REPUBLICAN",121454,256811,20191203,"TOTAL"
"135",2004,"NEW MEXICO","NM","BERNALILLO","35001","PRESIDENT","OTHER","OTHER",3105,256811,20191203,"TOTAL"
"136",2004,"NEW MEXICO","NM","CATRON","35003","PRESIDENT","JOHN KERRY","DEMOCRAT",551,1993,20191203,"TOTAL"
"137",2004,"NEW MEXICO","NM","CATRON","35003","PRESIDENT","GEORGE W. BUSH","REPUBLICAN",1427,1993,20191203,"TOTAL"
"138",2004,"NEW MEXICO","NM","CATRON","35003","PRESIDENT","OTHER","OTHER",15,1993,20191203,"TOTAL"
"139",2004,"NEW MEXICO","NM","CHAVES","35005","PRESIDENT","JOHN KERRY","DEMOCRAT",6726,21705,20191203,"TOTAL"
"140",2004,"NEW MEXICO","NM","CHAVES","35005","PRESIDENT","GEORGE W. BUSH","REPUBLICAN",14773,21705,20191203,"TOTAL"
"141",2004,"NEW MEXICO","NM","CHAVES","35005","PRESIDENT","OTHER","OTHER",206,21705,20191203,"TOTAL"
"142",2004,"NEW MEXICO","NM","CIBOLA","35006","PRESIDENT","JOHN KERRY","DEMOCRAT",3913,7487,20191203,"TOTAL"
"143",2004,"NEW MEXICO","NM","CIBOLA","35006","PRESIDENT","GEORGE W. BUSH","REPUBLICAN",3477,7487,20191203,"TOTAL"
"144",2004,"NEW MEXICO","NM","CIBOLA","35006","PRESIDENT","OTHER","OTHER",97,7487,20191203,"TOTAL"
"145",2004,"NEW MEXICO","NM","COLFAX","35007","PRESIDENT","JOHN KERRY","DEMOCRAT",2824,5968,20191203,"TOTAL"
"146",2004,"NEW MEXICO","NM","COLFAX","35007","PRESIDENT","GEORGE W. BUSH","REPUBLICAN",3082,5968,20191203,"TOTAL"
"147",2004,"NEW MEXICO","NM","COLFAX","35007","PRESIDENT","OTHER","OTHER",62,5968,20191203,"TOTAL"
"148",2004,"NEW MEXICO","NM","CURRY","35009","PRESIDENT","JOHN KERRY","DEMOCRAT",3541,14286,20191203,"TOTAL"
"149",2004,"NEW MEXICO","NM","CURRY","35009","PRESIDENT","GEORGE W. BUSH","REPUBLICAN",10649,14286,20191203,"TOTAL"
"150",2004,"NEW MEXICO","NM","CURRY","35009","PRESIDENT","OTHER","OTHER",96,14286,20191203,"TOTAL"
"151",2004,"NEW MEXICO","NM","DE BACA","35011","PRESIDENT","JOHN KERRY","DEMOCRAT",281,993,20191203,"TOTAL"
"152",2004,"NEW MEXICO","NM","DE BACA","35011","PRESIDENT","GEORGE W. BUSH","REPUBLICAN",706,993,20191203,"TOTAL"
"153",2004,"NEW MEXICO","NM","DE BACA","35011","PRESIDENT","OTHER","OTHER",6,993,20191203,"TOTAL"
"154",2004,"NEW MEXICO","NM","DONA ANA","35013","PRESIDENT","JOHN KERRY","DEMOCRAT",31762,61960,20191203,"TOTAL"
"155",2004,"NEW MEXICO","NM","DONA ANA","35013","PRESIDENT","GEORGE W. BUSH","REPUBLICAN",29548,61960,20191203,"TOTAL"
"156",2004,"NEW MEXICO","NM","DONA ANA","35013","PRESIDENT","OTHER","OTHER",650,61960,20191203,"TOTAL"
"157",2004,"NEW MEXICO","NM","EDDY","35015","PRESIDENT","JOHN KERRY","DEMOCRAT",6880,20270,20191203,"TOTAL"
"158",2004,"NEW MEXICO","NM","EDDY","35015","PRESIDENT","GEORGE W. BUSH","REPUBLICAN",13268,20270,20191203,"TOTAL"
"159",2004,"NEW MEXICO","NM","EDDY","35015","PRESIDENT","OTHER","OTHER",122,20270,20191203,"TOTAL"
"160",2004,"NEW MEXICO","NM","GRANT","35017","PRESIDENT","JOHN KERRY","DEMOCRAT",7095,13392,20191203,"TOTAL"
"161",2004,"NEW MEXICO","NM","GRANT","35017","PRESIDENT","GEORGE W. BUSH","REPUBLICAN",6135,13392,20191203,"TOTAL"
"162",2004,"NEW MEXICO","NM","GRANT","35017","PRESIDENT","OTHER","OTHER",162,13392,20191203,"TOTAL"
"163",2004,"NEW MEXICO","NM","GUADALUPE","35019","PRESIDENT","JOHN KERRY","DEMOCRAT",1340,2267,20191203,"TOTAL"
"164",2004,"NEW MEXICO","NM","GUADALUPE","35019","PRESIDENT","GEORGE W. BUSH","REPUBLICAN",914,2267,20191203,"TOTAL"
"165",2004,"NEW MEXICO","NM","GUADALUPE","35019","PRESIDENT","OTHER","OTHER",13,2267,20191203,"TOTAL"
"166",2004,"NEW MEXICO","NM","HARDING","35021","PRESIDENT","JOHN KERRY","DEMOCRAT",259,644,20191203,"TOTAL"
"167",2004,"NEW MEXICO","NM","HARDING","35021","PRESIDENT","GEORGE W. BUSH","REPUBLICAN",380,644,20191203,"TOTAL"
"168",2004,"NEW MEXICO","NM","HARDING","35021","PRESIDENT","OTHER","OTHER",5,644,20191203,"TOTAL"
"169",2004,"NEW MEXICO","NM","HIDALGO","35023","PRESIDENT","JOHN KERRY","DEMOCRAT",861,1964,20191203,"TOTAL"
"170",2004,"NEW MEXICO","NM","HIDALGO","35023","PRESIDENT","GEORGE W. BUSH","REPUBLICAN",1081,1964,20191203,"TOTAL"
"171",2004,"NEW MEXICO","NM","HIDALGO","35023","PRESIDENT","OTHER","OTHER",22,1964,20191203,"TOTAL"
"172",2004,"NEW MEXICO","NM","LEA","35025","PRESIDENT","JOHN KERRY","DEMOCRAT",3646,18181,20191203,"TOTAL"
"173",2004,"NEW MEXICO","NM","LEA","35025","PRESIDENT","GEORGE W. BUSH","REPUBLICAN",14430,18181,20191203,"TOTAL"
"174",2004,"NEW MEXICO","NM","LEA","35025","PRESIDENT","OTHER","OTHER",105,18181,20191203,"TOTAL"
"175",2004,"NEW MEXICO","NM","LINCOLN","35027","PRESIDENT","JOHN KERRY","DEMOCRAT",2822,9014,20191203,"TOTAL"
"176",2004,"NEW MEXICO","NM","LINCOLN","35027","PRESIDENT","GEORGE W. BUSH","REPUBLICAN",6070,9014,20191203,"TOTAL"
"177",2004,"NEW MEXICO","NM","LINCOLN","35027","PRESIDENT","OTHER","OTHER",122,9014,20191203,"TOTAL"
"178",2004,"NEW MEXICO","NM","LOS ALAMOS","35028","PRESIDENT","JOHN KERRY","DEMOCRAT",5206,11197,20191203,"TOTAL"
"179",2004,"NEW MEXICO","NM","LOS ALAMOS","35028","PRESIDENT","GEORGE W. BUSH","REPUBLICAN",5810,11197,20191203,"TOTAL"
"180",2004,"NEW MEXICO","NM","LOS ALAMOS","35028","PRESIDENT","OTHER","OTHER",181,11197,20191203,"TOTAL"
"181",2004,"NEW MEXICO","NM","LUNA","35029","PRESIDENT","JOHN KERRY","DEMOCRAT",3340,7593,20191203,"TOTAL"
"182",2004,"NEW MEXICO","NM","LUNA","35029","PRESIDENT","GEORGE W. BUSH","REPUBLICAN",4164,7593,20191203,"TOTAL"
"183",2004,"NEW MEXICO","NM","LUNA","35029","PRESIDENT","OTHER","OTHER",89,7593,20191203,"TOTAL"
"184",2004,"NEW MEXICO","NM","MCKINLEY","35031","PRESIDENT","JOHN KERRY","DEMOCRAT",13051,20623,20191203,"TOTAL"
"185",2004,"NEW MEXICO","NM","MCKINLEY","35031","PRESIDENT","GEORGE W. BUSH","REPUBLICAN",7351,20623,20191203,"TOTAL"
"186",2004,"NEW MEXICO","NM","MCKINLEY","35031","PRESIDENT","OTHER","OTHER",221,20623,20191203,"TOTAL"
"187",2004,"NEW MEXICO","NM","MORA","35033","PRESIDENT","JOHN KERRY","DEMOCRAT",1876,2826,20191203,"TOTAL"
"188",2004,"NEW MEXICO","NM","MORA","35033","PRESIDENT","GEORGE W. BUSH","REPUBLICAN",928,2826,20191203,"TOTAL"
"189",2004,"NEW MEXICO","NM","MORA","35033","PRESIDENT","OTHER","OTHER",22,2826,20191203,"TOTAL"
"190",2004,"NEW MEXICO","NM","OTERO","35035","PRESIDENT","JOHN KERRY","DEMOCRAT",6433,20764,20191203,"TOTAL"
"191",2004,"NEW MEXICO","NM","OTERO","35035","PRESIDENT","GEORGE W. BUSH","REPUBLICAN",14066,20764,20191203,"TOTAL"
"192",2004,"NEW MEXICO","NM","OTERO","35035","PRESIDENT","OTHER","OTHER",265,20764,20191203,"TOTAL"
"193",2004,"NEW MEXICO","NM","QUAY","35037","PRESIDENT","JOHN KERRY","DEMOCRAT",1422,4117,20191203,"TOTAL"
"194",2004,"NEW MEXICO","NM","QUAY","35037","PRESIDENT","GEORGE W. BUSH","REPUBLICAN",2661,4117,20191203,"TOTAL"
"195",2004,"NEW MEXICO","NM","QUAY","35037","PRESIDENT","OTHER","OTHER",34,4117,20191203,"TOTAL"
"196",2004,"NEW MEXICO","NM","RIO ARRIBA","35039","PRESIDENT","JOHN KERRY","DEMOCRAT",9753,14999,20191203,"TOTAL"
"197",2004,"NEW MEXICO","NM","RIO ARRIBA","35039","PRESIDENT","GEORGE W. BUSH","REPUBLICAN",5149,14999,20191203,"TOTAL"
"198",2004,"NEW MEXICO","NM","RIO ARRIBA","35039","PRESIDENT","OTHER","OTHER",97,14999,20191203,"TOTAL"
"199",2004,"NEW MEXICO","NM","ROOSEVELT","35041","PRESIDENT","JOHN KERRY","DEMOCRAT",2082,7144,20191203,"TOTAL"
"200",2004,"NEW MEXICO","NM","ROOSEVELT","35041","PRESIDENT","GEORGE W. BUSH","REPUBLICAN",4997,7144,20191203,"TOTAL"
"201",2004,"NEW MEXICO","NM","ROOSEVELT","35041","PRESIDENT","OTHER","OTHER",65,7144,20191203,"TOTAL"
"202",2004,"NEW MEXICO","NM","SANDOVAL","35043","PRESIDENT","JOHN KERRY","DEMOCRAT",21421,44541,20191203,"TOTAL"
"203",2004,"NEW MEXICO","NM","SANDOVAL","35043","PRESIDENT","GEORGE W. BUSH","REPUBLICAN",22628,44541,20191203,"TOTAL"
"204",2004,"NEW MEXICO","NM","SANDOVAL","35043","PRESIDENT","OTHER","OTHER",492,44541,20191203,"TOTAL"
"205",2004,"NEW MEXICO","NM","SAN JUAN","35045","PRESIDENT","JOHN KERRY","DEMOCRAT",14843,45006,20191203,"TOTAL"
"206",2004,"NEW MEXICO","NM","SAN JUAN","35045","PRESIDENT","GEORGE W. BUSH","REPUBLICAN",29525,45006,20191203,"TOTAL"
"207",2004,"NEW MEXICO","NM","SAN JUAN","35045","PRESIDENT","OTHER","OTHER",638,45006,20191203,"TOTAL"
"208",2004,"NEW MEXICO","NM","SAN MIGUEL","35047","PRESIDENT","JOHN KERRY","DEMOCRAT",8683,12116,20191203,"TOTAL"
"209",2004,"NEW MEXICO","NM","SAN MIGUEL","35047","PRESIDENT","GEORGE W. BUSH","REPUBLICAN",3313,12116,20191203,"TOTAL"
"210",2004,"NEW MEXICO","NM","SAN MIGUEL","35047","PRESIDENT","OTHER","OTHER",120,12116,20191203,"TOTAL"
"211",2004,"NEW MEXICO","NM","SANTA FE","35049","PRESIDENT","JOHN KERRY","DEMOCRAT",47074,66200,20191203,"TOTAL"
"212",2004,"NEW MEXICO","NM","SANTA FE","35049","PRESIDENT","GEORGE W. BUSH","REPUBLICAN",18466,66200,20191203,"TOTAL"
"213",2004,"NEW MEXICO","NM","SANTA FE","35049","PRESIDENT","OTHER","OTHER",660,66200,20191203,"TOTAL"
"214",2004,"NEW MEXICO","NM","SIERRA","35051","PRESIDENT","JOHN KERRY","DEMOCRAT",1926,5157,20191203,"TOTAL"
"215",2004,"NEW MEXICO","NM","SIERRA","35051","PRESIDENT","GEORGE W. BUSH","REPUBLICAN",3162,5157,20191203,"TOTAL"
"216",2004,"NEW MEXICO","NM","SIERRA","35051","PRESIDENT","OTHER","OTHER",69,5157,20191203,"TOTAL"
"217",2004,"NEW MEXICO","NM","SOCORRO","35053","PRESIDENT","JOHN KERRY","DEMOCRAT",4025,7851,20191203,"TOTAL"
"218",2004,"NEW MEXICO","NM","SOCORRO","35053","PRESIDENT","GEORGE W. BUSH","REPUBLICAN",3696,7851,20191203,"TOTAL"
"219",2004,"NEW MEXICO","NM","SOCORRO","35053","PRESIDENT","OTHER","OTHER",130,7851,20191203,"TOTAL"
"220",2004,"NEW MEXICO","NM","TAOS","35055","PRESIDENT","JOHN KERRY","DEMOCRAT",10987,14835,20191203,"TOTAL"
"221",2004,"NEW MEXICO","NM","TAOS","35055","PRESIDENT","GEORGE W. BUSH","REPUBLICAN",3666,14835,20191203,"TOTAL"
"222",2004,"NEW MEXICO","NM","TAOS","35055","PRESIDENT","OTHER","OTHER",182,14835,20191203,"TOTAL"
"223",2004,"NEW MEXICO","NM","TORRANCE","35057","PRESIDENT","JOHN KERRY","DEMOCRAT",2386,6507,20191203,"TOTAL"
"224",2004,"NEW MEXICO","NM","TORRANCE","35057","PRESIDENT","GEORGE W. BUSH","REPUBLICAN",4026,6507,20191203,"TOTAL"
"225",2004,"NEW MEXICO","NM","TORRANCE","35057","PRESIDENT","OTHER","OTHER",95,6507,20191203,"TOTAL"
"226",2004,"NEW MEXICO","NM","UNION","35059","PRESIDENT","JOHN KERRY","DEMOCRAT",411,1881,20191203,"TOTAL"
"227",2004,"NEW MEXICO","NM","UNION","35059","PRESIDENT","GEORGE W. BUSH","REPUBLICAN",1454,1881,20191203,"TOTAL"
"228",2004,"NEW MEXICO","NM","UNION","35059","PRESIDENT","OTHER","OTHER",16,1881,20191203,"TOTAL"
"229",2004,"NEW MEXICO","NM","VALENCIA","35061","PRESIDENT","JOHN KERRY","DEMOCRAT",11270,26012,20191203,"TOTAL"
"230",2004,"NEW MEXICO","NM","VALENCIA","35061","PRESIDENT","GEORGE W. BUSH","REPUBLICAN",14474,26012,20191203,"TOTAL"
"231",2004,"NEW MEXICO","NM","VALENCIA","35061","PRESIDENT","OTHER","OTHER",268,26012,20191203,"TOTAL"
"232",2008,"NEW MEXICO","NM","BERNALILLO","35001","PRESIDENT","BARACK OBAMA","DEMOCRAT",171556,285778,20191203,"TOTAL"
"233",2008,"NEW MEXICO","NM","BERNALILLO","35001","PRESIDENT","JOHN MCCAIN","REPUBLICAN",110521,285778,20191203,"TOTAL"
"234",2008,"NEW MEXICO","NM","BERNALILLO","35001","PRESIDENT","OTHER","OTHER",3701,285778,20191203,"TOTAL"
"235",2008,"NEW MEXICO","NM","CATRON","35003","PRESIDENT","BARACK OBAMA","DEMOCRAT",664,2112,20191203,"TOTAL"
"236",2008,"NEW MEXICO","NM","CATRON","35003","PRESIDENT","JOHN MCCAIN","REPUBLICAN",1398,2112,20191203,"TOTAL"
"237",2008,"NEW MEXICO","NM","CATRON","35003","PRESIDENT","OTHER","OTHER",50,2112,20191203,"TOTAL"
"238",2008,"NEW MEXICO","NM","CHAVES","35005","PRESIDENT","BARACK OBAMA","DEMOCRAT",8197,22112,20191203,"TOTAL"
"239",2008,"NEW MEXICO","NM","CHAVES","35005","PRESIDENT","JOHN MCCAIN","REPUBLICAN",13651,22112,20191203,"TOTAL"
"240",2008,"NEW MEXICO","NM","CHAVES","35005","PRESIDENT","OTHER","OTHER",264,22112,20191203,"TOTAL"
"241",2008,"NEW MEXICO","NM","CIBOLA","35006","PRESIDENT","BARACK OBAMA","DEMOCRAT",5827,9097,20191203,"TOTAL"
"242",2008,"NEW MEXICO","NM","CIBOLA","35006","PRESIDENT","JOHN MCCAIN","REPUBLICAN",3131,9097,20191203,"TOTAL"
"243",2008,"NEW MEXICO","NM","CIBOLA","35006","PRESIDENT","OTHER","OTHER",139,9097,20191203,"TOTAL"
"244",2008,"NEW MEXICO","NM","COLFAX","35007","PRESIDENT","BARACK OBAMA","DEMOCRAT",3490,6384,20191203,"TOTAL"
"245",2008,"NEW MEXICO","NM","COLFAX","35007","PRESIDENT","JOHN MCCAIN","REPUBLICAN",2805,6384,20191203,"TOTAL"
"246",2008,"NEW MEXICO","NM","COLFAX","35007","PRESIDENT","OTHER","OTHER",89,6384,20191203,"TOTAL"
"247",2008,"NEW MEXICO","NM","CURRY","35009","PRESIDENT","BARACK OBAMA","DEMOCRAT",4670,14438,20191203,"TOTAL"
"248",2008,"NEW MEXICO","NM","CURRY","35009","PRESIDENT","JOHN MCCAIN","REPUBLICAN",9599,14438,20191203,"TOTAL"
"249",2008,"NEW MEXICO","NM","CURRY","35009","PRESIDENT","OTHER","OTHER",169,14438,20191203,"TOTAL"
"250",2008,"NEW MEXICO","NM","DE BACA","35011","PRESIDENT","BARACK OBAMA","DEMOCRAT",359,1044,20191203,"TOTAL"
"251",2008,"NEW MEXICO","NM","DE BACA","35011","PRESIDENT","JOHN MCCAIN","REPUBLICAN",676,1044,20191203,"TOTAL"
"252",2008,"NEW MEXICO","NM","DE BACA","35011","PRESIDENT","OTHER","OTHER",9,1044,20191203,"TOTAL"
"253",2008,"NEW MEXICO","NM","DONA ANA","35013","PRESIDENT","BARACK OBAMA","DEMOCRAT",40282,69280,20191203,"TOTAL"
"254",2008,"NEW MEXICO","NM","DONA ANA","35013","PRESIDENT","JOHN MCCAIN","REPUBLICAN",28068,69280,20191203,"TOTAL"
"255",2008,"NEW MEXICO","NM","DONA ANA","35013","PRESIDENT","OTHER","OTHER",930,69280,20191203,"TOTAL"
"256",2008,"NEW MEXICO","NM","EDDY","35015","PRESIDENT","BARACK OBAMA","DEMOCRAT",7351,20093,20191203,"TOTAL"
"257",2008,"NEW MEXICO","NM","EDDY","35015","PRESIDENT","JOHN MCCAIN","REPUBLICAN",12500,20093,20191203,"TOTAL"
"258",2008,"NEW MEXICO","NM","EDDY","35015","PRESIDENT","OTHER","OTHER",242,20093,20191203,"TOTAL"
"259",2008,"NEW MEXICO","NM","GRANT","35017","PRESIDENT","BARACK OBAMA","DEMOCRAT",8142,13755,20191203,"TOTAL"
"260",2008,"NEW MEXICO","NM","GRANT","35017","PRESIDENT","JOHN MCCAIN","REPUBLICAN",5406,13755,20191203,"TOTAL"
"261",2008,"NEW MEXICO","NM","GRANT","35017","PRESIDENT","OTHER","OTHER",207,13755,20191203,"TOTAL"
"262",2008,"NEW MEXICO","NM","GUADALUPE","35019","PRESIDENT","BARACK OBAMA","DEMOCRAT",1557,2196,20191203,"TOTAL"
"263",2008,"NEW MEXICO","NM","GUADALUPE","35019","PRESIDENT","JOHN MCCAIN","REPUBLICAN",620,2196,20191203,"TOTAL"
"264",2008,"NEW MEXICO","NM","GUADALUPE","35019","PRESIDENT","OTHER","OTHER",19,2196,20191203,"TOTAL"
"265",2008,"NEW MEXICO","NM","HARDING","35021","PRESIDENT","BARACK OBAMA","DEMOCRAT",260,626,20191203,"TOTAL"
"266",2008,"NEW MEXICO","NM","HARDING","35021","PRESIDENT","JOHN MCCAIN","REPUBLICAN",358,626,20191203,"TOTAL"
"267",2008,"NEW MEXICO","NM","HARDING","35021","PRESIDENT","OTHER","OTHER",8,626,20191203,"TOTAL"
"268",2008,"NEW MEXICO","NM","HIDALGO","35023","PRESIDENT","BARACK OBAMA","DEMOCRAT",993,1951,20191203,"TOTAL"
"269",2008,"NEW MEXICO","NM","HIDALGO","35023","PRESIDENT","JOHN MCCAIN","REPUBLICAN",936,1951,20191203,"TOTAL"
"270",2008,"NEW MEXICO","NM","HIDALGO","35023","PRESIDENT","OTHER","OTHER",22,1951,20191203,"TOTAL"
"271",2008,"NEW MEXICO","NM","LEA","35025","PRESIDENT","BARACK OBAMA","DEMOCRAT",5108,18645,20191203,"TOTAL"
"272",2008,"NEW MEXICO","NM","LEA","35025","PRESIDENT","JOHN MCCAIN","REPUBLICAN",13347,18645,20191203,"TOTAL"
"273",2008,"NEW MEXICO","NM","LEA","35025","PRESIDENT","OTHER","OTHER",190,18645,20191203,"TOTAL"
"274",2008,"NEW MEXICO","NM","LINCOLN","35027","PRESIDENT","BARACK OBAMA","DEMOCRAT",3535,9696,20191203,"TOTAL"
"275",2008,"NEW MEXICO","NM","LINCOLN","35027","PRESIDENT","JOHN MCCAIN","REPUBLICAN",6001,9696,20191203,"TOTAL"
"276",2008,"NEW MEXICO","NM","LINCOLN","35027","PRESIDENT","OTHER","OTHER",160,9696,20191203,"TOTAL"
"277",2008,"NEW MEXICO","NM","LOS ALAMOS","35028","PRESIDENT","BARACK OBAMA","DEMOCRAT",5824,11069,20191203,"TOTAL"
"278",2008,"NEW MEXICO","NM","LOS ALAMOS","35028","PRESIDENT","JOHN MCCAIN","REPUBLICAN",5064,11069,20191203,"TOTAL"
"279",2008,"NEW MEXICO","NM","LOS ALAMOS","35028","PRESIDENT","OTHER","OTHER",181,11069,20191203,"TOTAL"
"280",2008,"NEW MEXICO","NM","LUNA","35029","PRESIDENT","BARACK OBAMA","DEMOCRAT",4311,8340,20191203,"TOTAL"
"281",2008,"NEW MEXICO","NM","LUNA","35029","PRESIDENT","JOHN MCCAIN","REPUBLICAN",3870,8340,20191203,"TOTAL"
"282",2008,"NEW MEXICO","NM","LUNA","35029","PRESIDENT","OTHER","OTHER",159,8340,20191203,"TOTAL"
"283",2008,"NEW MEXICO","NM","MCKINLEY","35031","PRESIDENT","BARACK OBAMA","DEMOCRAT",16572,23207,20191203,"TOTAL"
"284",2008,"NEW MEXICO","NM","MCKINLEY","35031","PRESIDENT","JOHN MCCAIN","REPUBLICAN",6382,23207,20191203,"TOTAL"
"285",2008,"NEW MEXICO","NM","MCKINLEY","35031","PRESIDENT","OTHER","OTHER",253,23207,20191203,"TOTAL"
"286",2008,"NEW MEXICO","NM","MORA","35033","PRESIDENT","BARACK OBAMA","DEMOCRAT",2168,2760,20191203,"TOTAL"
"287",2008,"NEW MEXICO","NM","MORA","35033","PRESIDENT","JOHN MCCAIN","REPUBLICAN",569,2760,20191203,"TOTAL"
"288",2008,"NEW MEXICO","NM","MORA","35033","PRESIDENT","OTHER","OTHER",23,2760,20191203,"TOTAL"
"289",2008,"NEW MEXICO","NM","OTERO","35035","PRESIDENT","BARACK OBAMA","DEMOCRAT",8610,21766,20191203,"TOTAL"
"290",2008,"NEW MEXICO","NM","OTERO","35035","PRESIDENT","JOHN MCCAIN","REPUBLICAN",12806,21766,20191203,"TOTAL"
"291",2008,"NEW MEXICO","NM","OTERO","35035","PRESIDENT","OTHER","OTHER",350,21766,20191203,"TOTAL"
"292",2008,"NEW MEXICO","NM","QUAY","35037","PRESIDENT","BARACK OBAMA","DEMOCRAT",1547,3996,20191203,"TOTAL"
"293",2008,"NEW MEXICO","NM","QUAY","35037","PRESIDENT","JOHN MCCAIN","REPUBLICAN",2367,3996,20191203,"TOTAL"
"294",2008,"NEW MEXICO","NM","QUAY","35037","PRESIDENT","OTHER","OTHER",82,3996,20191203,"TOTAL"
"295",2008,"NEW MEXICO","NM","RIO ARRIBA","35039","PRESIDENT","BARACK OBAMA","DEMOCRAT",12703,16940,20191203,"TOTAL"
"296",2008,"NEW MEXICO","NM","RIO ARRIBA","35039","PRESIDENT","JOHN MCCAIN","REPUBLICAN",4086,16940,20191203,"TOTAL"
"297",2008,"NEW MEXICO","NM","RIO ARRIBA","35039","PRESIDENT","OTHER","OTHER",151,16940,20191203,"TOTAL"
"298",2008,"NEW MEXICO","NM","ROOSEVELT","35041","PRESIDENT","BARACK OBAMA","DEMOCRAT",2303,6720,20191203,"TOTAL"
"299",2008,"NEW MEXICO","NM","ROOSEVELT","35041","PRESIDENT","JOHN MCCAIN","REPUBLICAN",4311,6720,20191203,"TOTAL"
"300",2008,"NEW MEXICO","NM","ROOSEVELT","35041","PRESIDENT","OTHER","OTHER",106,6720,20191203,"TOTAL"
"301",2008,"NEW MEXICO","NM","SANDOVAL","35043","PRESIDENT","BARACK OBAMA","DEMOCRAT",32669,58630,20191203,"TOTAL"
"302",2008,"NEW MEXICO","NM","SANDOVAL","35043","PRESIDENT","JOHN MCCAIN","REPUBLICAN",25193,58630,20191203,"TOTAL"
"303",2008,"NEW MEXICO","NM","SANDOVAL","35043","PRESIDENT","OTHER","OTHER",768,58630,20191203,"TOTAL"
"304",2008,"NEW MEXICO","NM","SAN JUAN","35045","PRESIDENT","BARACK OBAMA","DEMOCRAT",18028,46511,20191203,"TOTAL"
"305",2008,"NEW MEXICO","NM","SAN JUAN","35045","PRESIDENT","JOHN MCCAIN","REPUBLICAN",27869,46511,20191203,"TOTAL"
"306",2008,"NEW MEXICO","NM","SAN JUAN","35045","PRESIDENT","OTHER","OTHER",614,46511,20191203,"TOTAL"
"307",2008,"NEW MEXICO","NM","SAN MIGUEL","35047","PRESIDENT","BARACK OBAMA","DEMOCRAT",10320,12941,20191203,"TOTAL"
"308",2008,"NEW MEXICO","NM","SAN MIGUEL","35047","PRESIDENT","JOHN MCCAIN","REPUBLICAN",2478,12941,20191203,"TOTAL"
"309",2008,"NEW MEXICO","NM","SAN MIGUEL","35047","PRESIDENT","OTHER","OTHER",143,12941,20191203,"TOTAL"
"310",2008,"NEW MEXICO","NM","SANTA FE","35049","PRESIDENT","BARACK OBAMA","DEMOCRAT",55567,72223,20191203,"TOTAL"
"311",2008,"NEW MEXICO","NM","SANTA FE","35049","PRESIDENT","JOHN MCCAIN","REPUBLICAN",15807,72223,20191203,"TOTAL"
"312",2008,"NEW MEXICO","NM","SANTA FE","35049","PRESIDENT","OTHER","OTHER",849,72223,20191203,"TOTAL"
"313",2008,"NEW MEXICO","NM","SIERRA","35051","PRESIDENT","BARACK OBAMA","DEMOCRAT",2352,5485,20191203,"TOTAL"
"314",2008,"NEW MEXICO","NM","SIERRA","35051","PRESIDENT","JOHN MCCAIN","REPUBLICAN",3017,5485,20191203,"TOTAL"
"315",2008,"NEW MEXICO","NM","SIERRA","35051","PRESIDENT","OTHER","OTHER",116,5485,20191203,"TOTAL"
"316",2008,"NEW MEXICO","NM","SOCORRO","35053","PRESIDENT","BARACK OBAMA","DEMOCRAT",4696,7895,20191203,"TOTAL"
"317",2008,"NEW MEXICO","NM","SOCORRO","35053","PRESIDENT","JOHN MCCAIN","REPUBLICAN",3032,7895,20191203,"TOTAL"
"318",2008,"NEW MEXICO","NM","SOCORRO","35053","PRESIDENT","OTHER","OTHER",167,7895,20191203,"TOTAL"
"319",2008,"NEW MEXICO","NM","TAOS","35055","PRESIDENT","BARACK OBAMA","DEMOCRAT",13816,16886,20191203,"TOTAL"
"320",2008,"NEW MEXICO","NM","TAOS","35055","PRESIDENT","JOHN MCCAIN","REPUBLICAN",2866,16886,20191203,"TOTAL"
"321",2008,"NEW MEXICO","NM","TAOS","35055","PRESIDENT","OTHER","OTHER",204,16886,20191203,"TOTAL"
"322",2008,"NEW MEXICO","NM","TORRANCE","35057","PRESIDENT","BARACK OBAMA","DEMOCRAT",3087,6941,20191203,"TOTAL"
"323",2008,"NEW MEXICO","NM","TORRANCE","35057","PRESIDENT","JOHN MCCAIN","REPUBLICAN",3735,6941,20191203,"TOTAL"
"324",2008,"NEW MEXICO","NM","TORRANCE","35057","PRESIDENT","OTHER","OTHER",119,6941,20191203,"TOTAL"
"325",2008,"NEW MEXICO","NM","UNION","35059","PRESIDENT","BARACK OBAMA","DEMOCRAT",492,1742,20191203,"TOTAL"
"326",2008,"NEW MEXICO","NM","UNION","35059","PRESIDENT","JOHN MCCAIN","REPUBLICAN",1227,1742,20191203,"TOTAL"
"327",2008,"NEW MEXICO","NM","UNION","35059","PRESIDENT","OTHER","OTHER",23,1742,20191203,"TOTAL"
"328",2008,"NEW MEXICO","NM","VALENCIA","35061","PRESIDENT","BARACK OBAMA","DEMOCRAT",15366,28899,20191203,"TOTAL"
"329",2008,"NEW MEXICO","NM","VALENCIA","35061","PRESIDENT","JOHN MCCAIN","REPUBLICAN",13136,28899,20191203,"TOTAL"
"330",2008,"NEW MEXICO","NM","VALENCIA","35061","PRESIDENT","OTHER","OTHER",397,28899,20191203,"TOTAL"
"331",2012,"NEW MEXICO","NM","BERNALILLO","35001","PRESIDENT","BARACK OBAMA","DEMOCRAT",150739,270969,20191203,"TOTAL"
"332",2012,"NEW MEXICO","NM","BERNALILLO","35001","PRESIDENT","MITT ROMNEY","REPUBLICAN",106408,270969,20191203,"TOTAL"
"333",2012,"NEW MEXICO","NM","BERNALILLO","35001","PRESIDENT","OTHER","OTHER",13822,270969,20191203,"TOTAL"
"334",2012,"NEW MEXICO","NM","CATRON","35003","PRESIDENT","BARACK OBAMA","DEMOCRAT",560,2123,20191203,"TOTAL"
"335",2012,"NEW MEXICO","NM","CATRON","35003","PRESIDENT","MITT ROMNEY","REPUBLICAN",1494,2123,20191203,"TOTAL"
"336",2012,"NEW MEXICO","NM","CATRON","35003","PRESIDENT","OTHER","OTHER",69,2123,20191203,"TOTAL"
"337",2012,"NEW MEXICO","NM","CHAVES","35005","PRESIDENT","BARACK OBAMA","DEMOCRAT",6604,20292,20191203,"TOTAL"
"338",2012,"NEW MEXICO","NM","CHAVES","35005","PRESIDENT","MITT ROMNEY","REPUBLICAN",13088,20292,20191203,"TOTAL"
"339",2012,"NEW MEXICO","NM","CHAVES","35005","PRESIDENT","OTHER","OTHER",600,20292,20191203,"TOTAL"
"340",2012,"NEW MEXICO","NM","CIBOLA","35006","PRESIDENT","BARACK OBAMA","DEMOCRAT",4961,8243,20191203,"TOTAL"
"341",2012,"NEW MEXICO","NM","CIBOLA","35006","PRESIDENT","MITT ROMNEY","REPUBLICAN",2998,8243,20191203,"TOTAL"
"342",2012,"NEW MEXICO","NM","CIBOLA","35006","PRESIDENT","OTHER","OTHER",284,8243,20191203,"TOTAL"
"343",2012,"NEW MEXICO","NM","COLFAX","35007","PRESIDENT","BARACK OBAMA","DEMOCRAT",2828,5764,20191203,"TOTAL"
"344",2012,"NEW MEXICO","NM","COLFAX","35007","PRESIDENT","MITT ROMNEY","REPUBLICAN",2699,5764,20191203,"TOTAL"
"345",2012,"NEW MEXICO","NM","COLFAX","35007","PRESIDENT","OTHER","OTHER",237,5764,20191203,"TOTAL"
"346",2012,"NEW MEXICO","NM","CURRY","35009","PRESIDENT","BARACK OBAMA","DEMOCRAT",4022,13625,20191203,"TOTAL"
"347",2012,"NEW MEXICO","NM","CURRY","35009","PRESIDENT","MITT ROMNEY","REPUBLICAN",9251,13625,20191203,"TOTAL"
"348",2012,"NEW MEXICO","NM","CURRY","35009","PRESIDENT","OTHER","OTHER",352,13625,20191203,"TOTAL"
"349",2012,"NEW MEXICO","NM","DE BACA","35011","PRESIDENT","BARACK OBAMA","DEMOCRAT",287,902,20191203,"TOTAL"
"350",2012,"NEW MEXICO","NM","DE BACA","35011","PRESIDENT","MITT ROMNEY","REPUBLICAN",586,902,20191203,"TOTAL"
"351",2012,"NEW MEXICO","NM","DE BACA","35011","PRESIDENT","OTHER","OTHER",29,902,20191203,"TOTAL"
"352",2012,"NEW MEXICO","NM","DONA ANA","35013","PRESIDENT","BARACK OBAMA","DEMOCRAT",37139,66423,20191203,"TOTAL"
"353",2012,"NEW MEXICO","NM","DONA ANA","35013","PRESIDENT","MITT ROMNEY","REPUBLICAN",27322,66423,20191203,"TOTAL"
"354",2012,"NEW MEXICO","NM","DONA ANA","35013","PRESIDENT","OTHER","OTHER",1962,66423,20191203,"TOTAL"
"355",2012,"NEW MEXICO","NM","EDDY","35015","PRESIDENT","BARACK OBAMA","DEMOCRAT",6142,19269,20191203,"TOTAL"
"356",2012,"NEW MEXICO","NM","EDDY","35015","PRESIDENT","MITT ROMNEY","REPUBLICAN",12583,19269,20191203,"TOTAL"
"357",2012,"NEW MEXICO","NM","EDDY","35015","PRESIDENT","OTHER","OTHER",544,19269,20191203,"TOTAL"
"358",2012,"NEW MEXICO","NM","GRANT","35017","PRESIDENT","BARACK OBAMA","DEMOCRAT",7090,12902,20191203,"TOTAL"
"359",2012,"NEW MEXICO","NM","GRANT","35017","PRESIDENT","MITT ROMNEY","REPUBLICAN",5358,12902,20191203,"TOTAL"
"360",2012,"NEW MEXICO","NM","GRANT","35017","PRESIDENT","OTHER","OTHER",454,12902,20191203,"TOTAL"
"361",2012,"NEW MEXICO","NM","GUADALUPE","35019","PRESIDENT","BARACK OBAMA","DEMOCRAT",1488,2135,20191203,"TOTAL"
"362",2012,"NEW MEXICO","NM","GUADALUPE","35019","PRESIDENT","MITT ROMNEY","REPUBLICAN",557,2135,20191203,"TOTAL"
"363",2012,"NEW MEXICO","NM","GUADALUPE","35019","PRESIDENT","OTHER","OTHER",90,2135,20191203,"TOTAL"
"364",2012,"NEW MEXICO","NM","HARDING","35021","PRESIDENT","BARACK OBAMA","DEMOCRAT",260,601,20191203,"TOTAL"
"365",2012,"NEW MEXICO","NM","HARDING","35021","PRESIDENT","MITT ROMNEY","REPUBLICAN",327,601,20191203,"TOTAL"
"366",2012,"NEW MEXICO","NM","HARDING","35021","PRESIDENT","OTHER","OTHER",14,601,20191203,"TOTAL"
"367",2012,"NEW MEXICO","NM","HIDALGO","35023","PRESIDENT","BARACK OBAMA","DEMOCRAT",995,1935,20191203,"TOTAL"
"368",2012,"NEW MEXICO","NM","HIDALGO","35023","PRESIDENT","MITT ROMNEY","REPUBLICAN",899,1935,20191203,"TOTAL"
"369",2012,"NEW MEXICO","NM","HIDALGO","35023","PRESIDENT","OTHER","OTHER",41,1935,20191203,"TOTAL"
"370",2012,"NEW MEXICO","NM","LEA","35025","PRESIDENT","BARACK OBAMA","DEMOCRAT",4080,17015,20191203,"TOTAL"
"371",2012,"NEW MEXICO","NM","LEA","35025","PRESIDENT","MITT ROMNEY","REPUBLICAN",12548,17015,20191203,"TOTAL"
"372",2012,"NEW MEXICO","NM","LEA","35025","PRESIDENT","OTHER","OTHER",387,17015,20191203,"TOTAL"
"373",2012,"NEW MEXICO","NM","LINCOLN","35027","PRESIDENT","BARACK OBAMA","DEMOCRAT",2942,9242,20191203,"TOTAL"
"374",2012,"NEW MEXICO","NM","LINCOLN","35027","PRESIDENT","MITT ROMNEY","REPUBLICAN",5961,9242,20191203,"TOTAL"
"375",2012,"NEW MEXICO","NM","LINCOLN","35027","PRESIDENT","OTHER","OTHER",339,9242,20191203,"TOTAL"
"376",2012,"NEW MEXICO","NM","LOS ALAMOS","35028","PRESIDENT","BARACK OBAMA","DEMOCRAT",5191,10654,20191203,"TOTAL"
"377",2012,"NEW MEXICO","NM","LOS ALAMOS","35028","PRESIDENT","MITT ROMNEY","REPUBLICAN",4796,10654,20191203,"TOTAL"
"378",2012,"NEW MEXICO","NM","LOS ALAMOS","35028","PRESIDENT","OTHER","OTHER",667,10654,20191203,"TOTAL"
"379",2012,"NEW MEXICO","NM","LUNA","35029","PRESIDENT","BARACK OBAMA","DEMOCRAT",3583,7500,20191203,"TOTAL"
"380",2012,"NEW MEXICO","NM","LUNA","35029","PRESIDENT","MITT ROMNEY","REPUBLICAN",3670,7500,20191203,"TOTAL"
"381",2012,"NEW MEXICO","NM","LUNA","35029","PRESIDENT","OTHER","OTHER",247,7500,20191203,"TOTAL"
"382",2012,"NEW MEXICO","NM","MCKINLEY","35031","PRESIDENT","BARACK OBAMA","DEMOCRAT",15841,21929,20191203,"TOTAL"
"383",2012,"NEW MEXICO","NM","MCKINLEY","35031","PRESIDENT","MITT ROMNEY","REPUBLICAN",5546,21929,20191203,"TOTAL"
"384",2012,"NEW MEXICO","NM","MCKINLEY","35031","PRESIDENT","OTHER","OTHER",542,21929,20191203,"TOTAL"
"385",2012,"NEW MEXICO","NM","MORA","35033","PRESIDENT","BARACK OBAMA","DEMOCRAT",1955,2611,20191203,"TOTAL"
"386",2012,"NEW MEXICO","NM","MORA","35033","PRESIDENT","MITT ROMNEY","REPUBLICAN",595,2611,20191203,"TOTAL"
"387",2012,"NEW MEXICO","NM","MORA","35033","PRESIDENT","OTHER","OTHER",61,2611,20191203,"TOTAL"
"388",2012,"NEW MEXICO","NM","OTERO","35035","PRESIDENT","BARACK OBAMA","DEMOCRAT",6829,20012,20191203,"TOTAL"
"389",2012,"NEW MEXICO","NM","OTERO","35035","PRESIDENT","MITT ROMNEY","REPUBLICAN",12451,20012,20191203,"TOTAL"
"390",2012,"NEW MEXICO","NM","OTERO","35035","PRESIDENT","OTHER","OTHER",732,20012,20191203,"TOTAL"
"391",2012,"NEW MEXICO","NM","QUAY","35037","PRESIDENT","BARACK OBAMA","DEMOCRAT",1383,3707,20191203,"TOTAL"
"392",2012,"NEW MEXICO","NM","QUAY","35037","PRESIDENT","MITT ROMNEY","REPUBLICAN",2202,3707,20191203,"TOTAL"
"393",2012,"NEW MEXICO","NM","QUAY","35037","PRESIDENT","OTHER","OTHER",122,3707,20191203,"TOTAL"
"394",2012,"NEW MEXICO","NM","RIO ARRIBA","35039","PRESIDENT","BARACK OBAMA","DEMOCRAT",11465,15343,20191203,"TOTAL"
"395",2012,"NEW MEXICO","NM","RIO ARRIBA","35039","PRESIDENT","MITT ROMNEY","REPUBLICAN",3397,15343,20191203,"TOTAL"
"396",2012,"NEW MEXICO","NM","RIO ARRIBA","35039","PRESIDENT","OTHER","OTHER",481,15343,20191203,"TOTAL"
"397",2012,"NEW MEXICO","NM","ROOSEVELT","35041","PRESIDENT","BARACK OBAMA","DEMOCRAT",1727,5969,20191203,"TOTAL"
"398",2012,"NEW MEXICO","NM","ROOSEVELT","35041","PRESIDENT","MITT ROMNEY","REPUBLICAN",4043,5969,20191203,"TOTAL"
"399",2012,"NEW MEXICO","NM","ROOSEVELT","35041","PRESIDENT","OTHER","OTHER",199,5969,20191203,"TOTAL"
"400",2012,"NEW MEXICO","NM","SANDOVAL","35043","PRESIDENT","BARACK OBAMA","DEMOCRAT",27236,54079,20191203,"TOTAL"
"401",2012,"NEW MEXICO","NM","SANDOVAL","35043","PRESIDENT","MITT ROMNEY","REPUBLICAN",24387,54079,20191203,"TOTAL"
"402",2012,"NEW MEXICO","NM","SANDOVAL","35043","PRESIDENT","OTHER","OTHER",2456,54079,20191203,"TOTAL"
"403",2012,"NEW MEXICO","NM","SAN JUAN","35045","PRESIDENT","BARACK OBAMA","DEMOCRAT",15855,46237,20191203,"TOTAL"
"404",2012,"NEW MEXICO","NM","SAN JUAN","35045","PRESIDENT","MITT ROMNEY","REPUBLICAN",28849,46237,20191203,"TOTAL"
"405",2012,"NEW MEXICO","NM","SAN JUAN","35045","PRESIDENT","OTHER","OTHER",1533,46237,20191203,"TOTAL"
"406",2012,"NEW MEXICO","NM","SAN MIGUEL","35047","PRESIDENT","BARACK OBAMA","DEMOCRAT",8850,11509,20191203,"TOTAL"
"407",2012,"NEW MEXICO","NM","SAN MIGUEL","35047","PRESIDENT","MITT ROMNEY","REPUBLICAN",2303,11509,20191203,"TOTAL"
"408",2012,"NEW MEXICO","NM","SAN MIGUEL","35047","PRESIDENT","OTHER","OTHER",356,11509,20191203,"TOTAL"
"409",2012,"NEW MEXICO","NM","SANTA FE","35049","PRESIDENT","BARACK OBAMA","DEMOCRAT",50872,69245,20191203,"TOTAL"
"410",2012,"NEW MEXICO","NM","SANTA FE","35049","PRESIDENT","MITT ROMNEY","REPUBLICAN",15500,69245,20191203,"TOTAL"
"411",2012,"NEW MEXICO","NM","SANTA FE","35049","PRESIDENT","OTHER","OTHER",2873,69245,20191203,"TOTAL"
"412",2012,"NEW MEXICO","NM","SIERRA","35051","PRESIDENT","BARACK OBAMA","DEMOCRAT",1964,5102,20191203,"TOTAL"
"413",2012,"NEW MEXICO","NM","SIERRA","35051","PRESIDENT","MITT ROMNEY","REPUBLICAN",2928,5102,20191203,"TOTAL"
"414",2012,"NEW MEXICO","NM","SIERRA","35051","PRESIDENT","OTHER","OTHER",210,5102,20191203,"TOTAL"
"415",2012,"NEW MEXICO","NM","SOCORRO","35053","PRESIDENT","BARACK OBAMA","DEMOCRAT",4058,7193,20191203,"TOTAL"
"416",2012,"NEW MEXICO","NM","SOCORRO","35053","PRESIDENT","MITT ROMNEY","REPUBLICAN",2722,7193,20191203,"TOTAL"
"417",2012,"NEW MEXICO","NM","SOCORRO","35053","PRESIDENT","OTHER","OTHER",413,7193,20191203,"TOTAL"
"418",2012,"NEW MEXICO","NM","TAOS","35055","PRESIDENT","BARACK OBAMA","DEMOCRAT",11978,15339,20191203,"TOTAL"
"419",2012,"NEW MEXICO","NM","TAOS","35055","PRESIDENT","MITT ROMNEY","REPUBLICAN",2730,15339,20191203,"TOTAL"
"420",2012,"NEW MEXICO","NM","TAOS","35055","PRESIDENT","OTHER","OTHER",631,15339,20191203,"TOTAL"
"421",2012,"NEW MEXICO","NM","TORRANCE","35057","PRESIDENT","BARACK OBAMA","DEMOCRAT",2428,6402,20191203,"TOTAL"
"422",2012,"NEW MEXICO","NM","TORRANCE","35057","PRESIDENT","MITT ROMNEY","REPUBLICAN",3529,6402,20191203,"TOTAL"
"423",2012,"NEW MEXICO","NM","TORRANCE","35057","PRESIDENT","OTHER","OTHER",445,6402,20191203,"TOTAL"
"424",2012,"NEW MEXICO","NM","UNION","35059","PRESIDENT","BARACK OBAMA","DEMOCRAT",472,1759,20191203,"TOTAL"
"425",2012,"NEW MEXICO","NM","UNION","35059","PRESIDENT","MITT ROMNEY","REPUBLICAN",1236,1759,20191203,"TOTAL"
"426",2012,"NEW MEXICO","NM","UNION","35059","PRESIDENT","OTHER","OTHER",51,1759,20191203,"TOTAL"
"427",2012,"NEW MEXICO","NM","VALENCIA","35061","PRESIDENT","BARACK OBAMA","DEMOCRAT",13511,27728,20191203,"TOTAL"
"428",2012,"NEW MEXICO","NM","VALENCIA","35061","PRESIDENT","MITT ROMNEY","REPUBLICAN",12825,27728,20191203,"TOTAL"
"429",2012,"NEW MEXICO","NM","VALENCIA","35061","PRESIDENT","OTHER","OTHER",1392,27728,20191203,"TOTAL"
"430",2016,"NEW MEXICO","NM","BERNALILLO","35001","PRESIDENT","HILLARY CLINTON","DEMOCRAT",143417,274662,20191203,"TOTAL"
"431",2016,"NEW MEXICO","NM","BERNALILLO","35001","PRESIDENT","DONALD TRUMP","REPUBLICAN",94698,274662,20191203,"TOTAL"
"432",2016,"NEW MEXICO","NM","BERNALILLO","35001","PRESIDENT","OTHER","OTHER",36547,274662,20191203,"TOTAL"
"433",2016,"NEW MEXICO","NM","CATRON","35003","PRESIDENT","HILLARY CLINTON","DEMOCRAT",427,2049,20191203,"TOTAL"
"434",2016,"NEW MEXICO","NM","CATRON","35003","PRESIDENT","DONALD TRUMP","REPUBLICAN",1464,2049,20191203,"TOTAL"
"435",2016,"NEW MEXICO","NM","CATRON","35003","PRESIDENT","OTHER","OTHER",158,2049,20191203,"TOTAL"
"436",2016,"NEW MEXICO","NM","CHAVES","35005","PRESIDENT","HILLARY CLINTON","DEMOCRAT",5534,20271,20191203,"TOTAL"
"437",2016,"NEW MEXICO","NM","CHAVES","35005","PRESIDENT","DONALD TRUMP","REPUBLICAN",12872,20271,20191203,"TOTAL"
"438",2016,"NEW MEXICO","NM","CHAVES","35005","PRESIDENT","OTHER","OTHER",1865,20271,20191203,"TOTAL"
"439",2016,"NEW MEXICO","NM","CIBOLA","35006","PRESIDENT","HILLARY CLINTON","DEMOCRAT",3741,8063,20191203,"TOTAL"
"440",2016,"NEW MEXICO","NM","CIBOLA","35006","PRESIDENT","DONALD TRUMP","REPUBLICAN",3195,8063,20191203,"TOTAL"
"441",2016,"NEW MEXICO","NM","CIBOLA","35006","PRESIDENT","OTHER","OTHER",1127,8063,20191203,"TOTAL"
"442",2016,"NEW MEXICO","NM","COLFAX","35007","PRESIDENT","HILLARY CLINTON","DEMOCRAT",2129,5332,20191203,"TOTAL"
"443",2016,"NEW MEXICO","NM","COLFAX","35007","PRESIDENT","DONALD TRUMP","REPUBLICAN",2585,5332,20191203,"TOTAL"
"444",2016,"NEW MEXICO","NM","COLFAX","35007","PRESIDENT","OTHER","OTHER",618,5332,20191203,"TOTAL"
"445",2016,"NEW MEXICO","NM","CURRY","35009","PRESIDENT","HILLARY CLINTON","DEMOCRAT",3121,13370,20191203,"TOTAL"
"446",2016,"NEW MEXICO","NM","CURRY","35009","PRESIDENT","DONALD TRUMP","REPUBLICAN",9035,13370,20191203,"TOTAL"
"447",2016,"NEW MEXICO","NM","CURRY","35009","PRESIDENT","OTHER","OTHER",1214,13370,20191203,"TOTAL"
"448",2016,"NEW MEXICO","NM","DE BACA","35011","PRESIDENT","HILLARY CLINTON","DEMOCRAT",193,910,20191203,"TOTAL"
"449",2016,"NEW MEXICO","NM","DE BACA","35011","PRESIDENT","DONALD TRUMP","REPUBLICAN",620,910,20191203,"TOTAL"
"450",2016,"NEW MEXICO","NM","DE BACA","35011","PRESIDENT","OTHER","OTHER",97,910,20191203,"TOTAL"
"451",2016,"NEW MEXICO","NM","DONA ANA","35013","PRESIDENT","HILLARY CLINTON","DEMOCRAT",37947,70648,20191203,"TOTAL"
"452",2016,"NEW MEXICO","NM","DONA ANA","35013","PRESIDENT","DONALD TRUMP","REPUBLICAN",25374,70648,20191203,"TOTAL"
"453",2016,"NEW MEXICO","NM","DONA ANA","35013","PRESIDENT","OTHER","OTHER",7327,70648,20191203,"TOTAL"
"454",2016,"NEW MEXICO","NM","EDDY","35015","PRESIDENT","HILLARY CLINTON","DEMOCRAT",5033,19667,20191203,"TOTAL"
"455",2016,"NEW MEXICO","NM","EDDY","35015","PRESIDENT","DONALD TRUMP","REPUBLICAN",13147,19667,20191203,"TOTAL"
"456",2016,"NEW MEXICO","NM","EDDY","35015","PRESIDENT","OTHER","OTHER",1487,19667,20191203,"TOTAL"
"457",2016,"NEW MEXICO","NM","GRANT","35017","PRESIDENT","HILLARY CLINTON","DEMOCRAT",6276,12811,20191203,"TOTAL"
"458",2016,"NEW MEXICO","NM","GRANT","35017","PRESIDENT","DONALD TRUMP","REPUBLICAN",5288,12811,20191203,"TOTAL"
"459",2016,"NEW MEXICO","NM","GRANT","35017","PRESIDENT","OTHER","OTHER",1247,12811,20191203,"TOTAL"
"460",2016,"NEW MEXICO","NM","GUADALUPE","35019","PRESIDENT","HILLARY CLINTON","DEMOCRAT",970,1827,20191203,"TOTAL"
"461",2016,"NEW MEXICO","NM","GUADALUPE","35019","PRESIDENT","DONALD TRUMP","REPUBLICAN",595,1827,20191203,"TOTAL"
"462",2016,"NEW MEXICO","NM","GUADALUPE","35019","PRESIDENT","OTHER","OTHER",262,1827,20191203,"TOTAL"
"463",2016,"NEW MEXICO","NM","HARDING","35021","PRESIDENT","HILLARY CLINTON","DEMOCRAT",156,527,20191203,"TOTAL"
"464",2016,"NEW MEXICO","NM","HARDING","35021","PRESIDENT","DONALD TRUMP","REPUBLICAN",311,527,20191203,"TOTAL"
"465",2016,"NEW MEXICO","NM","HARDING","35021","PRESIDENT","OTHER","OTHER",60,527,20191203,"TOTAL"
"466",2016,"NEW MEXICO","NM","HIDALGO","35023","PRESIDENT","HILLARY CLINTON","DEMOCRAT",784,1872,20191203,"TOTAL"
"467",2016,"NEW MEXICO","NM","HIDALGO","35023","PRESIDENT","DONALD TRUMP","REPUBLICAN",910,1872,20191203,"TOTAL"
"468",2016,"NEW MEXICO","NM","HIDALGO","35023","PRESIDENT","OTHER","OTHER",178,1872,20191203,"TOTAL"
"469",2016,"NEW MEXICO","NM","LEA","35025","PRESIDENT","HILLARY CLINTON","DEMOCRAT",3930,17712,20191203,"TOTAL"
"470",2016,"NEW MEXICO","NM","LEA","35025","PRESIDENT","DONALD TRUMP","REPUBLICAN",12495,17712,20191203,"TOTAL"
"471",2016,"NEW MEXICO","NM","LEA","35025","PRESIDENT","OTHER","OTHER",1287,17712,20191203,"TOTAL"
"472",2016,"NEW MEXICO","NM","LINCOLN","35027","PRESIDENT","HILLARY CLINTON","DEMOCRAT",2331,8902,20191203,"TOTAL"
"473",2016,"NEW MEXICO","NM","LINCOLN","35027","PRESIDENT","DONALD TRUMP","REPUBLICAN",5896,8902,20191203,"TOTAL"
"474",2016,"NEW MEXICO","NM","LINCOLN","35027","PRESIDENT","OTHER","OTHER",675,8902,20191203,"TOTAL"
"475",2016,"NEW MEXICO","NM","LOS ALAMOS","35028","PRESIDENT","HILLARY CLINTON","DEMOCRAT",5562,10885,20191203,"TOTAL"
"476",2016,"NEW MEXICO","NM","LOS ALAMOS","35028","PRESIDENT","DONALD TRUMP","REPUBLICAN",3359,10885,20191203,"TOTAL"
"477",2016,"NEW MEXICO","NM","LOS ALAMOS","35028","PRESIDENT","OTHER","OTHER",1964,10885,20191203,"TOTAL"
"478",2016,"NEW MEXICO","NM","LUNA","35029","PRESIDENT","HILLARY CLINTON","DEMOCRAT",3195,7295,20191203,"TOTAL"
"479",2016,"NEW MEXICO","NM","LUNA","35029","PRESIDENT","DONALD TRUMP","REPUBLICAN",3478,7295,20191203,"TOTAL"
"480",2016,"NEW MEXICO","NM","LUNA","35029","PRESIDENT","OTHER","OTHER",622,7295,20191203,"TOTAL"
"481",2016,"NEW MEXICO","NM","MCKINLEY","35031","PRESIDENT","HILLARY CLINTON","DEMOCRAT",13576,21703,20191203,"TOTAL"
"482",2016,"NEW MEXICO","NM","MCKINLEY","35031","PRESIDENT","DONALD TRUMP","REPUBLICAN",5104,21703,20191203,"TOTAL"
"483",2016,"NEW MEXICO","NM","MCKINLEY","35031","PRESIDENT","OTHER","OTHER",3023,21703,20191203,"TOTAL"
"484",2016,"NEW MEXICO","NM","MORA","35033","PRESIDENT","HILLARY CLINTON","DEMOCRAT",1536,2441,20191203,"TOTAL"
"485",2016,"NEW MEXICO","NM","MORA","35033","PRESIDENT","DONALD TRUMP","REPUBLICAN",665,2441,20191203,"TOTAL"
"486",2016,"NEW MEXICO","NM","MORA","35033","PRESIDENT","OTHER","OTHER",240,2441,20191203,"TOTAL"
"487",2016,"NEW MEXICO","NM","OTERO","35035","PRESIDENT","HILLARY CLINTON","DEMOCRAT",6124,20060,20191203,"TOTAL"
"488",2016,"NEW MEXICO","NM","OTERO","35035","PRESIDENT","DONALD TRUMP","REPUBLICAN",11887,20060,20191203,"TOTAL"
"489",2016,"NEW MEXICO","NM","OTERO","35035","PRESIDENT","OTHER","OTHER",2049,20060,20191203,"TOTAL"
"490",2016,"NEW MEXICO","NM","QUAY","35037","PRESIDENT","HILLARY CLINTON","DEMOCRAT",1017,3572,20191203,"TOTAL"
"491",2016,"NEW MEXICO","NM","QUAY","35037","PRESIDENT","DONALD TRUMP","REPUBLICAN",2212,3572,20191203,"TOTAL"
"492",2016,"NEW MEXICO","NM","QUAY","35037","PRESIDENT","OTHER","OTHER",343,3572,20191203,"TOTAL"
"493",2016,"NEW MEXICO","NM","RIO ARRIBA","35039","PRESIDENT","HILLARY CLINTON","DEMOCRAT",9592,14878,20191203,"TOTAL"
"494",2016,"NEW MEXICO","NM","RIO ARRIBA","35039","PRESIDENT","DONALD TRUMP","REPUBLICAN",3599,14878,20191203,"TOTAL"
"495",2016,"NEW MEXICO","NM","RIO ARRIBA","35039","PRESIDENT","OTHER","OTHER",1687,14878,20191203,"TOTAL"
"496",2016,"NEW MEXICO","NM","ROOSEVELT","35041","PRESIDENT","HILLARY CLINTON","DEMOCRAT",1454,5950,20191203,"TOTAL"
"497",2016,"NEW MEXICO","NM","ROOSEVELT","35041","PRESIDENT","DONALD TRUMP","REPUBLICAN",3884,5950,20191203,"TOTAL"
"498",2016,"NEW MEXICO","NM","ROOSEVELT","35041","PRESIDENT","OTHER","OTHER",612,5950,20191203,"TOTAL"
"499",2016,"NEW MEXICO","NM","SANDOVAL","35043","PRESIDENT","HILLARY CLINTON","DEMOCRAT",27707,61690,20191203,"TOTAL"
"500",2016,"NEW MEXICO","NM","SANDOVAL","35043","PRESIDENT","DONALD TRUMP","REPUBLICAN",25905,61690,20191203,"TOTAL"
"501",2016,"NEW MEXICO","NM","SANDOVAL","35043","PRESIDENT","OTHER","OTHER",8078,61690,20191203,"TOTAL"
"502",2016,"NEW MEXICO","NM","SAN JUAN","35045","PRESIDENT","HILLARY CLINTON","DEMOCRAT",12865,46110,20191203,"TOTAL"
"503",2016,"NEW MEXICO","NM","SAN JUAN","35045","PRESIDENT","DONALD TRUMP","REPUBLICAN",27946,46110,20191203,"TOTAL"
"504",2016,"NEW MEXICO","NM","SAN JUAN","35045","PRESIDENT","OTHER","OTHER",5299,46110,20191203,"TOTAL"
"505",2016,"NEW MEXICO","NM","SAN MIGUEL","35047","PRESIDENT","HILLARY CLINTON","DEMOCRAT",7285,10751,20191203,"TOTAL"
"506",2016,"NEW MEXICO","NM","SAN MIGUEL","35047","PRESIDENT","DONALD TRUMP","REPUBLICAN",2313,10751,20191203,"TOTAL"
"507",2016,"NEW MEXICO","NM","SAN MIGUEL","35047","PRESIDENT","OTHER","OTHER",1153,10751,20191203,"TOTAL"
"508",2016,"NEW MEXICO","NM","SANTA FE","35049","PRESIDENT","HILLARY CLINTON","DEMOCRAT",50793,71434,20191203,"TOTAL"
"509",2016,"NEW MEXICO","NM","SANTA FE","35049","PRESIDENT","DONALD TRUMP","REPUBLICAN",14332,71434,20191203,"TOTAL"
"510",2016,"NEW MEXICO","NM","SANTA FE","35049","PRESIDENT","OTHER","OTHER",6309,71434,20191203,"TOTAL"
"511",2016,"NEW MEXICO","NM","SIERRA","35051","PRESIDENT","HILLARY CLINTON","DEMOCRAT",1612,5181,20191203,"TOTAL"
"512",2016,"NEW MEXICO","NM","SIERRA","35051","PRESIDENT","DONALD TRUMP","REPUBLICAN",3010,5181,20191203,"TOTAL"
"513",2016,"NEW MEXICO","NM","SIERRA","35051","PRESIDENT","OTHER","OTHER",559,5181,20191203,"TOTAL"
"514",2016,"NEW MEXICO","NM","SOCORRO","35053","PRESIDENT","HILLARY CLINTON","DEMOCRAT",3313,6868,20191203,"TOTAL"
"515",2016,"NEW MEXICO","NM","SOCORRO","35053","PRESIDENT","DONALD TRUMP","REPUBLICAN",2616,6868,20191203,"TOTAL"
"516",2016,"NEW MEXICO","NM","SOCORRO","35053","PRESIDENT","OTHER","OTHER",939,6868,20191203,"TOTAL"
"517",2016,"NEW MEXICO","NM","TAOS","35055","PRESIDENT","HILLARY CLINTON","DEMOCRAT",10668,15260,20191203,"TOTAL"
"518",2016,"NEW MEXICO","NM","TAOS","35055","PRESIDENT","DONALD TRUMP","REPUBLICAN",2727,15260,20191203,"TOTAL"
"519",2016,"NEW MEXICO","NM","TAOS","35055","PRESIDENT","OTHER","OTHER",1865,15260,20191203,"TOTAL"
"520",2016,"NEW MEXICO","NM","TORRANCE","35057","PRESIDENT","HILLARY CLINTON","DEMOCRAT",1785,6324,20191203,"TOTAL"
"521",2016,"NEW MEXICO","NM","TORRANCE","35057","PRESIDENT","DONALD TRUMP","REPUBLICAN",3714,6324,20191203,"TOTAL"
"522",2016,"NEW MEXICO","NM","TORRANCE","35057","PRESIDENT","OTHER","OTHER",825,6324,20191203,"TOTAL"
"523",2016,"NEW MEXICO","NM","UNION","35059","PRESIDENT","HILLARY CLINTON","DEMOCRAT",320,1702,20191203,"TOTAL"
"524",2016,"NEW MEXICO","NM","UNION","35059","PRESIDENT","DONALD TRUMP","REPUBLICAN",1216,1702,20191203,"TOTAL"
"525",2016,"NEW MEXICO","NM","UNION","35059","PRESIDENT","OTHER","OTHER",166,1702,20191203,"TOTAL"
"526",2016,"NEW MEXICO","NM","VALENCIA","35061","PRESIDENT","HILLARY CLINTON","DEMOCRAT",10841,27592,20191203,"TOTAL"
"527",2016,"NEW MEXICO","NM","VALENCIA","35061","PRESIDENT","DONALD TRUMP","REPUBLICAN",13215,27592,20191203,"TOTAL"
"528",2016,"NEW MEXICO","NM","VALENCIA","35061","PRESIDENT","OTHER","OTHER",3536,27592,20191203,"TOTAL"
"529",2020,"NEW MEXICO","NM","BERNALILLO","35001","PRESIDENT","JOSEPH R BIDEN JR","DEMOCRAT",193757,317590,20210622,"TOTAL"
"530",2020,"NEW MEXICO","NM","BERNALILLO","35001","PRESIDENT","OTHER","GREEN",1614,317590,20210622,"TOTAL"
"531",2020,"NEW MEXICO","NM","BERNALILLO","35001","PRESIDENT","JO JORGENSEN","LIBERTARIAN",4829,317590,20210622,"TOTAL"
"532",2020,"NEW MEXICO","NM","BERNALILLO","35001","PRESIDENT","OTHER","OTHER",1255,317590,20210622,"TOTAL"
"533",2020,"NEW MEXICO","NM","BERNALILLO","35001","PRESIDENT","DONALD J TRUMP","REPUBLICAN",116135,317590,20210622,"TOTAL"
"534",2020,"NEW MEXICO","NM","CATRON","35003","PRESIDENT","JOSEPH R BIDEN JR","DEMOCRAT",595,2326,20210622,"TOTAL"
"535",2020,"NEW MEXICO","NM","CATRON","35003","PRESIDENT","OTHER","GREEN",7,2326,20210622,"TOTAL"
"536",2020,"NEW MEXICO","NM","CATRON","35003","PRESIDENT","JO JORGENSEN","LIBERTARIAN",17,2326,20210622,"TOTAL"
"537",2020,"NEW MEXICO","NM","CATRON","35003","PRESIDENT","OTHER","OTHER",9,2326,20210622,"TOTAL"
"538",2020,"NEW MEXICO","NM","CATRON","35003","PRESIDENT","DONALD J TRUMP","REPUBLICAN",1698,2326,20210622,"TOTAL"
"539",2020,"NEW MEXICO","NM","CHAVES","35005","PRESIDENT","JOSEPH R BIDEN JR","DEMOCRAT",6381,22443,20210622,"TOTAL"
"540",2020,"NEW MEXICO","NM","CHAVES","35005","PRESIDENT","OTHER","GREEN",70,22443,20210622,"TOTAL"
"541",2020,"NEW MEXICO","NM","CHAVES","35005","PRESIDENT","JO JORGENSEN","LIBERTARIAN",268,22443,20210622,"TOTAL"
"542",2020,"NEW MEXICO","NM","CHAVES","35005","PRESIDENT","OTHER","OTHER",68,22443,20210622,"TOTAL"
"543",2020,"NEW MEXICO","NM","CHAVES","35005","PRESIDENT","DONALD J TRUMP","REPUBLICAN",15656,22443,20210622,"TOTAL"
"544",2020,"NEW MEXICO","NM","CIBOLA","35006","PRESIDENT","JOSEPH R BIDEN JR","DEMOCRAT",4745,8903,20210622,"TOTAL"
"545",2020,"NEW MEXICO","NM","CIBOLA","35006","PRESIDENT","OTHER","GREEN",49,8903,20210622,"TOTAL"
"546",2020,"NEW MEXICO","NM","CIBOLA","35006","PRESIDENT","JO JORGENSEN","LIBERTARIAN",99,8903,20210622,"TOTAL"
"547",2020,"NEW MEXICO","NM","CIBOLA","35006","PRESIDENT","OTHER","OTHER",35,8903,20210622,"TOTAL"
"548",2020,"NEW MEXICO","NM","CIBOLA","35006","PRESIDENT","DONALD J TRUMP","REPUBLICAN",3975,8903,20210622,"TOTAL"
"549",2020,"NEW MEXICO","NM","COLFAX","35007","PRESIDENT","JOSEPH R BIDEN JR","DEMOCRAT",2611,6016,20210622,"TOTAL"
"550",2020,"NEW MEXICO","NM","COLFAX","35007","PRESIDENT","OTHER","GREEN",25,6016,20210622,"TOTAL"
"551",2020,"NEW MEXICO","NM","COLFAX","35007","PRESIDENT","JO JORGENSEN","LIBERTARIAN",87,6016,20210622,"TOTAL"
"552",2020,"NEW MEXICO","NM","COLFAX","35007","PRESIDENT","OTHER","OTHER",22,6016,20210622,"TOTAL"
"553",2020,"NEW MEXICO","NM","COLFAX","35007","PRESIDENT","DONALD J TRUMP","REPUBLICAN",3271,6016,20210622,"TOTAL"
"554",2020,"NEW MEXICO","NM","CURRY","35009","PRESIDENT","JOSEPH R BIDEN JR","DEMOCRAT",4307,15101,20210622,"TOTAL"
"555",2020,"NEW MEXICO","NM","CURRY","35009","PRESIDENT","OTHER","GREEN",53,15101,20210622,"TOTAL"
"556",2020,"NEW MEXICO","NM","CURRY","35009","PRESIDENT","JO JORGENSEN","LIBERTARIAN",245,15101,20210622,"TOTAL"
"557",2020,"NEW MEXICO","NM","CURRY","35009","PRESIDENT","OTHER","OTHER",52,15101,20210622,"TOTAL"
"558",2020,"NEW MEXICO","NM","CURRY","35009","PRESIDENT","DONALD J TRUMP","REPUBLICAN",10444,15101,20210622,"TOTAL"
"559",2020,"NEW MEXICO","NM","DE BACA","35011","PRESIDENT","JOSEPH R BIDEN JR","DEMOCRAT",231,901,20210622,"TOTAL"
"560",2020,"NEW MEXICO","NM","DE BACA","35011","PRESIDENT","OTHER","GREEN",1,901,20210622,"TOTAL"
"561",2020,"NEW MEXICO","NM","DE BACA","35011","PRESIDENT","JO JORGENSEN","LIBERTARIAN",11,901,20210622,"TOTAL"
"562",2020,"NEW MEXICO","NM","DE BACA","35011","PRESIDENT","OTHER","OTHER",2,901,20210622,"TOTAL"
"563",2020,"NEW MEXICO","NM","DE BACA","35011","PRESIDENT","DONALD J TRUMP","REPUBLICAN",656,901,20210622,"TOTAL"
"564",2020,"NEW MEXICO","NM","DONA ANA","35013","PRESIDENT","JOSEPH R BIDEN JR","DEMOCRAT",47957,82641,20210622,"TOTAL"
"565",2020,"NEW MEXICO","NM","DONA ANA","35013","PRESIDENT","OTHER","GREEN",415,82641,20210622,"TOTAL"
"566",2020,"NEW MEXICO","NM","DONA ANA","35013","PRESIDENT","JO JORGENSEN","LIBERTARIAN",1129,82641,20210622,"TOTAL"
"567",2020,"NEW MEXICO","NM","DONA ANA","35013","PRESIDENT","OTHER","OTHER",338,82641,20210622,"TOTAL"
"568",2020,"NEW MEXICO","NM","DONA ANA","35013","PRESIDENT","DONALD J TRUMP","REPUBLICAN",32802,82641,20210622,"TOTAL"
"569",2020,"NEW MEXICO","NM","EDDY","35015","PRESIDENT","JOSEPH R BIDEN JR","DEMOCRAT",5424,23222,20210622,"TOTAL"
"570",2020,"NEW MEXICO","NM","EDDY","35015","PRESIDENT","OTHER","GREEN",44,23222,20210622,"TOTAL"
"571",2020,"NEW MEXICO","NM","EDDY","35015","PRESIDENT","JO JORGENSEN","LIBERTARIAN",239,23222,20210622,"TOTAL"
"572",2020,"NEW MEXICO","NM","EDDY","35015","PRESIDENT","OTHER","OTHER",61,23222,20210622,"TOTAL"
"573",2020,"NEW MEXICO","NM","EDDY","35015","PRESIDENT","DONALD J TRUMP","REPUBLICAN",17454,23222,20210622,"TOTAL"
"574",2020,"NEW MEXICO","NM","GRANT","35017","PRESIDENT","JOSEPH R BIDEN JR","DEMOCRAT",7590,14435,20210622,"TOTAL"
"575",2020,"NEW MEXICO","NM","GRANT","35017","PRESIDENT","OTHER","GREEN",98,14435,20210622,"TOTAL"
"576",2020,"NEW MEXICO","NM","GRANT","35017","PRESIDENT","JO JORGENSEN","LIBERTARIAN",159,14435,20210622,"TOTAL"
"577",2020,"NEW MEXICO","NM","GRANT","35017","PRESIDENT","OTHER","OTHER",35,14435,20210622,"TOTAL"
"578",2020,"NEW MEXICO","NM","GRANT","35017","PRESIDENT","DONALD J TRUMP","REPUBLICAN",6553,14435,20210622,"TOTAL"
"579",2020,"NEW MEXICO","NM","GUADALUPE","35019","PRESIDENT","JOSEPH R BIDEN JR","DEMOCRAT",1234,2189,20210622,"TOTAL"
"580",2020,"NEW MEXICO","NM","GUADALUPE","35019","PRESIDENT","OTHER","GREEN",8,2189,20210622,"TOTAL"
"581",2020,"NEW MEXICO","NM","GUADALUPE","35019","PRESIDENT","JO JORGENSEN","LIBERTARIAN",21,2189,20210622,"TOTAL"
"582",2020,"NEW MEXICO","NM","GUADALUPE","35019","PRESIDENT","OTHER","OTHER",9,2189,20210622,"TOTAL"
"583",2020,"NEW MEXICO","NM","GUADALUPE","35019","PRESIDENT","DONALD J TRUMP","REPUBLICAN",917,2189,20210622,"TOTAL"
"584",2020,"NEW MEXICO","NM","HARDING","35021","PRESIDENT","JOSEPH R BIDEN JR","DEMOCRAT",179,505,20210622,"TOTAL"
"585",2020,"NEW MEXICO","NM","HARDING","35021","PRESIDENT","OTHER","GREEN",0,505,20210622,"TOTAL"
"586",2020,"NEW MEXICO","NM","HARDING","35021","PRESIDENT","JO JORGENSEN","LIBERTARIAN",3,505,20210622,"TOTAL"
"587",2020,"NEW MEXICO","NM","HARDING","35021","PRESIDENT","OTHER","OTHER",4,505,20210622,"TOTAL"
"588",2020,"NEW MEXICO","NM","HARDING","35021","PRESIDENT","DONALD J TRUMP","REPUBLICAN",319,505,20210622,"TOTAL"
"589",2020,"NEW MEXICO","NM","HIDALGO","35023","PRESIDENT","JOSEPH R BIDEN JR","DEMOCRAT",823,1974,20210622,"TOTAL"
"590",2020,"NEW MEXICO","NM","HIDALGO","35023","PRESIDENT","OTHER","GREEN",6,1974,20210622,"TOTAL"
"591",2020,"NEW MEXICO","NM","HIDALGO","35023","PRESIDENT","JO JORGENSEN","LIBERTARIAN",13,1974,20210622,"TOTAL"
"592",2020,"NEW MEXICO","NM","HIDALGO","35023","PRESIDENT","OTHER","OTHER",12,1974,20210622,"TOTAL"
"593",2020,"NEW MEXICO","NM","HIDALGO","35023","PRESIDENT","DONALD J TRUMP","REPUBLICAN",1120,1974,20210622,"TOTAL"
"594",2020,"NEW MEXICO","NM","LEA","35025","PRESIDENT","JOSEPH R BIDEN JR","DEMOCRAT",4061,20918,20210622,"TOTAL"
"595",2020,"NEW MEXICO","NM","LEA","35025","PRESIDENT","OTHER","GREEN",50,20918,20210622,"TOTAL"
"596",2020,"NEW MEXICO","NM","LEA","35025","PRESIDENT","JO JORGENSEN","LIBERTARIAN",214,20918,20210622,"TOTAL"
"597",2020,"NEW MEXICO","NM","LEA","35025","PRESIDENT","OTHER","OTHER",62,20918,20210622,"TOTAL"
"598",2020,"NEW MEXICO","NM","LEA","35025","PRESIDENT","DONALD J TRUMP","REPUBLICAN",16531,20918,20210622,"TOTAL"
"599",2020,"NEW MEXICO","NM","LINCOLN","35027","PRESIDENT","JOSEPH R BIDEN JR","DEMOCRAT",3194,10306,20210622,"TOTAL"
"600",2020,"NEW MEXICO","NM","LINCOLN","35027","PRESIDENT","OTHER","GREEN",33,10306,20210622,"TOTAL"
"601",2020,"NEW MEXICO","NM","LINCOLN","35027","PRESIDENT","JO JORGENSEN","LIBERTARIAN",113,10306,20210622,"TOTAL"
"602",2020,"NEW MEXICO","NM","LINCOLN","35027","PRESIDENT","OTHER","OTHER",24,10306,20210622,"TOTAL"
"603",2020,"NEW MEXICO","NM","LINCOLN","35027","PRESIDENT","DONALD J TRUMP","REPUBLICAN",6942,10306,20210622,"TOTAL"
"604",2020,"NEW MEXICO","NM","LOS ALAMOS","35028","PRESIDENT","JOSEPH R BIDEN JR","DEMOCRAT",7554,12293,20210622,"TOTAL"
"605",2020,"NEW MEXICO","NM","LOS ALAMOS","35028","PRESIDENT","OTHER","GREEN",53,12293,20210622,"TOTAL"
"606",2020,"NEW MEXICO","NM","LOS ALAMOS","35028","PRESIDENT","JO JORGENSEN","LIBERTARIAN",360,12293,20210622,"TOTAL"
"607",2020,"NEW MEXICO","NM","LOS ALAMOS","35028","PRESIDENT","OTHER","OTHER",48,12293,20210622,"TOTAL"
"608",2020,"NEW MEXICO","NM","LOS ALAMOS","35028","PRESIDENT","DONALD J TRUMP","REPUBLICAN",4278,12293,20210622,"TOTAL"
"609",2020,"NEW MEXICO","NM","LUNA","35029","PRESIDENT","JOSEPH R BIDEN JR","DEMOCRAT",3563,8103,20210622,"TOTAL"
"610",2020,"NEW MEXICO","NM","LUNA","35029","PRESIDENT","OTHER","GREEN",38,8103,20210622,"TOTAL"
"611",2020,"NEW MEXICO","NM","LUNA","35029","PRESIDENT","JO JORGENSEN","LIBERTARIAN",73,8103,20210622,"TOTAL"
"612",2020,"NEW MEXICO","NM","LUNA","35029","PRESIDENT","OTHER","OTHER",21,8103,20210622,"TOTAL"
"613",2020,"NEW MEXICO","NM","LUNA","35029","PRESIDENT","DONALD J TRUMP","REPUBLICAN",4408,8103,20210622,"TOTAL"
"614",2020,"NEW MEXICO","NM","MCKINLEY","35031","PRESIDENT","JOSEPH R BIDEN JR","DEMOCRAT",18029,26486,20210622,"TOTAL"
"615",2020,"NEW MEXICO","NM","MCKINLEY","35031","PRESIDENT","OTHER","GREEN",202,26486,20210622,"TOTAL"
"616",2020,"NEW MEXICO","NM","MCKINLEY","35031","PRESIDENT","JO JORGENSEN","LIBERTARIAN",266,26486,20210622,"TOTAL"
"617",2020,"NEW MEXICO","NM","MCKINLEY","35031","PRESIDENT","OTHER","OTHER",188,26486,20210622,"TOTAL"
"618",2020,"NEW MEXICO","NM","MCKINLEY","35031","PRESIDENT","DONALD J TRUMP","REPUBLICAN",7801,26486,20210622,"TOTAL"
"619",2020,"NEW MEXICO","NM","MORA","35033","PRESIDENT","JOSEPH R BIDEN JR","DEMOCRAT",1745,2686,20210622,"TOTAL"
"620",2020,"NEW MEXICO","NM","MORA","35033","PRESIDENT","OTHER","GREEN",13,2686,20210622,"TOTAL"
"621",2020,"NEW MEXICO","NM","MORA","35033","PRESIDENT","JO JORGENSEN","LIBERTARIAN",14,2686,20210622,"TOTAL"
"622",2020,"NEW MEXICO","NM","MORA","35033","PRESIDENT","OTHER","OTHER",11,2686,20210622,"TOTAL"
"623",2020,"NEW MEXICO","NM","MORA","35033","PRESIDENT","DONALD J TRUMP","REPUBLICAN",903,2686,20210622,"TOTAL"
"624",2020,"NEW MEXICO","NM","OTERO","35035","PRESIDENT","JOSEPH R BIDEN JR","DEMOCRAT",8485,23571,20210622,"TOTAL"
"625",2020,"NEW MEXICO","NM","OTERO","35035","PRESIDENT","OTHER","GREEN",108,23571,20210622,"TOTAL"
"626",2020,"NEW MEXICO","NM","OTERO","35035","PRESIDENT","JO JORGENSEN","LIBERTARIAN",387,23571,20210622,"TOTAL"
"627",2020,"NEW MEXICO","NM","OTERO","35035","PRESIDENT","OTHER","OTHER",70,23571,20210622,"TOTAL"
"628",2020,"NEW MEXICO","NM","OTERO","35035","PRESIDENT","DONALD J TRUMP","REPUBLICAN",14521,23571,20210622,"TOTAL"
"629",2020,"NEW MEXICO","NM","QUAY","35037","PRESIDENT","JOSEPH R BIDEN JR","DEMOCRAT",1170,3873,20210622,"TOTAL"
"630",2020,"NEW MEXICO","NM","QUAY","35037","PRESIDENT","OTHER","GREEN",17,3873,20210622,"TOTAL"
"631",2020,"NEW MEXICO","NM","QUAY","35037","PRESIDENT","JO JORGENSEN","LIBERTARIAN",41,3873,20210622,"TOTAL"
"632",2020,"NEW MEXICO","NM","QUAY","35037","PRESIDENT","OTHER","OTHER",11,3873,20210622,"TOTAL"
"633",2020,"NEW MEXICO","NM","QUAY","35037","PRESIDENT","DONALD J TRUMP","REPUBLICAN",2634,3873,20210622,"TOTAL"
"634",2020,"NEW MEXICO","NM","RIO ARRIBA","35039","PRESIDENT","JOSEPH R BIDEN JR","DEMOCRAT",10990,16628,20210622,"TOTAL"
"635",2020,"NEW MEXICO","NM","RIO ARRIBA","35039","PRESIDENT","OTHER","GREEN",59,16628,20210622,"TOTAL"
"636",2020,"NEW MEXICO","NM","RIO ARRIBA","35039","PRESIDENT","JO JORGENSEN","LIBERTARIAN",119,16628,20210622,"TOTAL"
"637",2020,"NEW MEXICO","NM","RIO ARRIBA","35039","PRESIDENT","OTHER","OTHER",52,16628,20210622,"TOTAL"
"638",2020,"NEW MEXICO","NM","RIO ARRIBA","35039","PRESIDENT","DONALD J TRUMP","REPUBLICAN",5408,16628,20210622,"TOTAL"
"639",2020,"NEW MEXICO","NM","ROOSEVELT","35041","PRESIDENT","JOSEPH R BIDEN JR","DEMOCRAT",1802,6608,20210622,"TOTAL"
"640",2020,"NEW MEXICO","NM","ROOSEVELT","35041","PRESIDENT","OTHER","GREEN",15,6608,20210622,"TOTAL"
"641",2020,"NEW MEXICO","NM","ROOSEVELT","35041","PRESIDENT","JO JORGENSEN","LIBERTARIAN",138,6608,20210622,"TOTAL"
"642",2020,"NEW MEXICO","NM","ROOSEVELT","35041","PRESIDENT","OTHER","OTHER",19,6608,20210622,"TOTAL"
"643",2020,"NEW MEXICO","NM","ROOSEVELT","35041","PRESIDENT","DONALD J TRUMP","REPUBLICAN",4634,6608,20210622,"TOTAL"
"644",2020,"NEW MEXICO","NM","SANDOVAL","35043","PRESIDENT","JOSEPH R BIDEN JR","DEMOCRAT",40588,76562,20210622,"TOTAL"
"645",2020,"NEW MEXICO","NM","SANDOVAL","35043","PRESIDENT","OTHER","GREEN",350,76562,20210622,"TOTAL"
"646",2020,"NEW MEXICO","NM","SANDOVAL","35043","PRESIDENT","JO JORGENSEN","LIBERTARIAN",1187,76562,20210622,"TOTAL"
"647",2020,"NEW MEXICO","NM","SANDOVAL","35043","PRESIDENT","OTHER","OTHER",263,76562,20210622,"TOTAL"
"648",2020,"NEW MEXICO","NM","SANDOVAL","35043","PRESIDENT","DONALD J TRUMP","REPUBLICAN",34174,76562,20210622,"TOTAL"
"649",2020,"NEW MEXICO","NM","SAN JUAN","35045","PRESIDENT","JOSEPH R BIDEN JR","DEMOCRAT",18083,52294,20210622,"TOTAL"
"650",2020,"NEW MEXICO","NM","SAN JUAN","35045","PRESIDENT","OTHER","GREEN",251,52294,20210622,"TOTAL"
"651",2020,"NEW MEXICO","NM","SAN JUAN","35045","PRESIDENT","JO JORGENSEN","LIBERTARIAN",827,52294,20210622,"TOTAL"
"652",2020,"NEW MEXICO","NM","SAN JUAN","35045","PRESIDENT","OTHER","OTHER",259,52294,20210622,"TOTAL"
"653",2020,"NEW MEXICO","NM","SAN JUAN","35045","PRESIDENT","DONALD J TRUMP","REPUBLICAN",32874,52294,20210622,"TOTAL"
"654",2020,"NEW MEXICO","NM","SAN MIGUEL","35047","PRESIDENT","JOSEPH R BIDEN JR","DEMOCRAT",7888,11531,20210622,"TOTAL"
"655",2020,"NEW MEXICO","NM","SAN MIGUEL","35047","PRESIDENT","OTHER","GREEN",57,11531,20210622,"TOTAL"
"656",2020,"NEW MEXICO","NM","SAN MIGUEL","35047","PRESIDENT","JO JORGENSEN","LIBERTARIAN",115,11531,20210622,"TOTAL"
"657",2020,"NEW MEXICO","NM","SAN MIGUEL","35047","PRESIDENT","OTHER","OTHER",50,11531,20210622,"TOTAL"
"658",2020,"NEW MEXICO","NM","SAN MIGUEL","35047","PRESIDENT","DONALD J TRUMP","REPUBLICAN",3421,11531,20210622,"TOTAL"
"659",2020,"NEW MEXICO","NM","SANTA FE","35049","PRESIDENT","JOSEPH R BIDEN JR","DEMOCRAT",62530,82227,20210622,"TOTAL"
"660",2020,"NEW MEXICO","NM","SANTA FE","35049","PRESIDENT","OTHER","GREEN",403,82227,20210622,"TOTAL"
"661",2020,"NEW MEXICO","NM","SANTA FE","35049","PRESIDENT","JO JORGENSEN","LIBERTARIAN",758,82227,20210622,"TOTAL"
"662",2020,"NEW MEXICO","NM","SANTA FE","35049","PRESIDENT","OTHER","OTHER",207,82227,20210622,"TOTAL"
"663",2020,"NEW MEXICO","NM","SANTA FE","35049","PRESIDENT","DONALD J TRUMP","REPUBLICAN",18329,82227,20210622,"TOTAL"
"664",2020,"NEW MEXICO","NM","SIERRA","35051","PRESIDENT","JOSEPH R BIDEN JR","DEMOCRAT",2265,5945,20210622,"TOTAL"
"665",2020,"NEW MEXICO","NM","SIERRA","35051","PRESIDENT","OTHER","GREEN",36,5945,20210622,"TOTAL"
"666",2020,"NEW MEXICO","NM","SIERRA","35051","PRESIDENT","JO JORGENSEN","LIBERTARIAN",66,5945,20210622,"TOTAL"
"667",2020,"NEW MEXICO","NM","SIERRA","35051","PRESIDENT","OTHER","OTHER",36,5945,20210622,"TOTAL"
"668",2020,"NEW MEXICO","NM","SIERRA","35051","PRESIDENT","DONALD J TRUMP","REPUBLICAN",3542,5945,20210622,"TOTAL"
"669",2020,"NEW MEXICO","NM","SOCORRO","35053","PRESIDENT","JOSEPH R BIDEN JR","DEMOCRAT",3722,7160,20210622,"TOTAL"
"670",2020,"NEW MEXICO","NM","SOCORRO","35053","PRESIDENT","OTHER","GREEN",39,7160,20210622,"TOTAL"
"671",2020,"NEW MEXICO","NM","SOCORRO","35053","PRESIDENT","JO JORGENSEN","LIBERTARIAN",113,7160,20210622,"TOTAL"
"672",2020,"NEW MEXICO","NM","SOCORRO","35053","PRESIDENT","OTHER","OTHER",31,7160,20210622,"TOTAL"
"673",2020,"NEW MEXICO","NM","SOCORRO","35053","PRESIDENT","DONALD J TRUMP","REPUBLICAN",3255,7160,20210622,"TOTAL"
"674",2020,"NEW MEXICO","NM","TAOS","35055","PRESIDENT","JOSEPH R BIDEN JR","DEMOCRAT",13121,17181,20210622,"TOTAL"
"675",2020,"NEW MEXICO","NM","TAOS","35055","PRESIDENT","OTHER","GREEN",146,17181,20210622,"TOTAL"
"676",2020,"NEW MEXICO","NM","TAOS","35055","PRESIDENT","JO JORGENSEN","LIBERTARIAN",152,17181,20210622,"TOTAL"
"677",2020,"NEW MEXICO","NM","TAOS","35055","PRESIDENT","OTHER","OTHER",47,17181,20210622,"TOTAL"
"678",2020,"NEW MEXICO","NM","TAOS","35055","PRESIDENT","DONALD J TRUMP","REPUBLICAN",3715,17181,20210622,"TOTAL"
"679",2020,"NEW MEXICO","NM","TORRANCE","35057","PRESIDENT","JOSEPH R BIDEN JR","DEMOCRAT",2344,7281,20210622,"TOTAL"
"680",2020,"NEW MEXICO","NM","TORRANCE","35057","PRESIDENT","OTHER","GREEN",29,7281,20210622,"TOTAL"
"681",2020,"NEW MEXICO","NM","TORRANCE","35057","PRESIDENT","JO JORGENSEN","LIBERTARIAN",105,7281,20210622,"TOTAL"
"682",2020,"NEW MEXICO","NM","TORRANCE","35057","PRESIDENT","OTHER","OTHER",31,7281,20210622,"TOTAL"
"683",2020,"NEW MEXICO","NM","TORRANCE","35057","PRESIDENT","DONALD J TRUMP","REPUBLICAN",4772,7281,20210622,"TOTAL"
"684",2020,"NEW MEXICO","NM","UNION","35059","PRESIDENT","JOSEPH R BIDEN JR","DEMOCRAT",383,1789,20210622,"TOTAL"
"685",2020,"NEW MEXICO","NM","UNION","35059","PRESIDENT","OTHER","GREEN",2,1789,20210622,"TOTAL"
"686",2020,"NEW MEXICO","NM","UNION","35059","PRESIDENT","JO JORGENSEN","LIBERTARIAN",11,1789,20210622,"TOTAL"
"687",2020,"NEW MEXICO","NM","UNION","35059","PRESIDENT","OTHER","OTHER",5,1789,20210622,"TOTAL"
"688",2020,"NEW MEXICO","NM","UNION","35059","PRESIDENT","DONALD J TRUMP","REPUBLICAN",1388,1789,20210622,"TOTAL"
"689",2020,"NEW MEXICO","NM","VALENCIA","35061","PRESIDENT","JOSEPH R BIDEN JR","DEMOCRAT",14263,32277,20210622,"TOTAL"
"690",2020,"NEW MEXICO","NM","VALENCIA","35061","PRESIDENT","OTHER","GREEN",135,32277,20210622,"TOTAL"
"691",2020,"NEW MEXICO","NM","VALENCIA","35061","PRESIDENT","JO JORGENSEN","LIBERTARIAN",406,32277,20210622,"TOTAL"
"692",2020,"NEW MEXICO","NM","VALENCIA","35061","PRESIDENT","OTHER","OTHER",109,32277,20210622,"TOTAL"
"693",2020,"NEW MEXICO","NM","VALENCIA","35061","PRESIDENT","DONALD J TRUMP","REPUBLICAN",17364,32277,20210622,"TOTAL"
